LPTS_LPT_ID,COUNT(EX_TITLE)
2,2
3,2
7,4
25,1
40,1
43,2
44,1
59,1
62,2
70,7
71,1
72,1
74,2
75,7
83,1
84,1
85,1
86,1
87,1
88,1
89,1
90,1
91,1
92,1
93,1
94,1
95,1
96,1
97,1
98,1
99,1
100,1
101,1
102,1
103,1
104,1
108,5
113,6
121,10
125,1
126,1
127,1
128,3
142,2
145,1
146,1
147,1
148,1
149,1
150,1
151,1
152,1
153,1
154,1
155,1
156,1
157,1
158,1
159,1
160,1
161,1
162,1
163,1
164,1
165,1
166,3
167,3
168,5
169,3
170,4
171,2
172,3
173,1
175,1
176,1
177,1
178,1
179,1
180,1
181,1
182,1
183,1
184,1
185,1
186,1
187,1
188,1
189,1
190,1
191,1
193,2
200,2
201,2
202,2
203,1
204,2
205,3
206,2
207,2
218,2
219,2
220,5
221,2
227,3
228,2
229,3
230,3
231,3
232,3
233,3
234,3
235,3
246,3
247,3
248,4
249,4
250,4
251,1
252,1
257,1
258,1
259,1
260,12
261,4
262,3
263,3
264,3
265,3
277,8
278,4
279,7
280,8
281,3
282,7
283,7
284,2
289,2
290,2
291,3
292,3
293,3
294,3
295,4
296,2
297,2
298,4
299,2
300,3
301,3
302,3
303,3
304,4
305,3
306,3
314,1
315,30
337,4
338,4
339,4
340,12
341,4
379,2
380,3
385,1
386,1
387,1
388,4
411,1
418,3
419,3
426,5
427,3
428,2
429,10
430,5
431,5
434,1
454,4
455,12
456,8
461,4
462,3
463,2
464,8
469,5
470,3
471,1
472,6
477,5
478,5
479,5
480,5
481,5
482,5
483,5
484,5
485,4
486,5
487,5
488,5
489,9
490,9
491,9
492,4
493,4
494,4
495,5
496,5
497,5
498,5
499,5
500,4
501,1
502,1
503,1
504,1
505,1
506,5
507,1
508,1
509,1
510,1
511,1
512,1
513,1
514,1
515,1
516,6
517,7
518,13
519,5
520,7
521,9
523,3
524,3
525,11
526,11
527,7
528,5
529,4
530,5
531,5
532,5
533,5
534,3
535,3
545,7
546,5
547,3
548,5
549,5
550,5
551,5
552,6
553,5
554,6
555,5
556,4
557,3
558,4
559,3
561,2
562,2
563,6
564,9
565,7
566,1
567,1
569,12
571,7
572,12
573,6
574,12
575,12
576,12
577,6
578,7
579,7
580,7
581,7
582,5
583,6
584,3
585,5
586,5
587,5
588,5
589,3
590,3
591,5
592,3
593,3
595,1
596,1
597,1
598,1
599,10
606,7
610,6
628,2
629,6
634,3
637,2
656,1
657,1
658,1
659,1
660,1
661,1
662,1
663,1
664,1
665,1
666,1
667,1
668,1
669,1
670,1
671,1
672,1
673,1
674,1
675,1
676,1
677,1
678,1
679,1
680,1
681,1
686,1
687,1
688,1
689,1
690,1
691,1
692,1
693,1
694,4
695,4
696,4
697,4
699,4
700,4
702,3
706,1
711,4
718,3
719,3
720,4
721,2
722,2
723,4
724,2
737,3
742,1
745,1
779,5
780,1
781,1
791,1
792,1
793,1
794,1
795,1
796,1
797,1
798,1
799,1
800,1
801,1
802,1
803,1
804,1
805,1
806,1
807,1
808,1
809,1
810,1
861,3
863,4
871,3
877,1
897,3
903,1
907,4
912,1
940,2
941,2
942,3
943,2
944,2
945,1
946,1
947,1
948,2
949,3
950,1
951,1
952,3
953,3
954,1
955,1
956,1
957,1
958,1
959,1
960,1
961,1
962,1
963,1
964,1
965,1
966,2
967,2
968,2
969,1
970,1
971,1
973,1
975,1
976,1
977,1
978,1
979,1
980,1
981,1
982,1
983,1
984,1
985,1
986,1
987,1
988,1
990,1
991,9
992,6
993,5
994,4
997,3
998,3
999,9
1000,3
1001,7
1002,6
1003,5
1004,4
1005,6
1006,7
1026,8
1027,1
1028,9
1045,3
1046,3
1067,8
1081,1
1093,1
1124,5
1125,2
1129,1
1133,12
1134,4
1135,1
1139,12
1140,4
1142,7
1154,1
1157,4
1159,3
1164,6
1171,2
1172,2
1173,2
1174,2
1180,3
1181,4
1202,3
1203,3
1225,8
1238,1
1239,1
1240,1
1265,1
1266,1
1268,5
1269,1
1270,3
1276,1
1277,1
1279,2
1280,2
1281,2
1282,2
1283,4
1284,1
1285,1
1286,1
1287,3
1288,4
1289,1
1290,1
1291,1
1292,1
1293,1
1294,1
1295,3
1296,3
1305,3
1306,4
1307,1
1311,1
1312,1
1321,2
1322,1
1323,1
1324,1
1325,1
1326,1
1327,1
1328,1
1329,1
1330,1
1336,1
1337,1
1338,1
1339,1
1340,1
1341,1
1342,2
1343,2
1345,1
1346,1
1347,1
1363,3
1364,1
1365,1
1366,1
1367,1
1368,1
1369,1
1370,1
1371,1
1372,2
1373,2
1376,1
1380,5
1381,3
1382,1
1383,1
1384,1
1385,1
1386,3
1387,1
1390,1
1391,1
1393,1
1394,1
1395,1
1396,4
1400,2
1402,2
1404,2
1407,10
1408,2
1413,1
1417,5
1418,3
1422,1
1423,1
1424,1
1425,7
1426,1
1427,4
1428,1
1429,1
1430,1
1431,1
1432,1
1434,1
1435,1
1436,1
1437,1
1438,1
1439,1
1442,1
1444,1
1445,1
1446,1
1447,1
1448,1
1449,1
1450,1
1451,1
1453,1
1454,2
1455,2
1456,2
1457,2
1458,10
1460,1
1461,1
1462,1
1463,3
1464,1
1465,1
1466,1
1469,1
1474,1
1475,1
1476,4
1477,2
1480,1
1485,6
1488,1
1489,1
1490,1
1491,1
1492,1
1493,1
1494,1
1495,1
1496,1
1497,1
1498,1
1499,1
1500,1
1501,1
1502,1
1503,1
1504,1
1505,1
1506,1
1507,1
1508,1
1516,1
1522,10
1525,10
1526,5
1527,5
1596,4
1600,3
1601,2
1602,4
1604,6
1613,1
1614,1
1620,1
1621,1
1622,1
1623,1
1624,1
1625,1
1626,2
1631,6
1633,1
1635,1
1638,6
1639,1
1642,5
1643,3
1644,3
1652,3
1667,3
1668,3
1669,1
1674,1
1675,1
1676,1
1677,1
1683,4
1685,1
1686,1
1687,1
1688,1
1689,1
1690,1
1695,1
1696,1
1697,1
1698,1
1699,1
1701,1
1702,1
1704,1
1707,1
1714,1
1715,1
1716,1
1717,1
1718,1
1719,1
1724,1
1725,10
1726,1
1727,1
1728,1
1731,2
1732,1
1733,1
1734,5
1735,4
1736,2
1737,2
1738,1
1740,2
1742,5
1752,1
1760,2
1761,2
1762,2
1763,1
1764,1
1765,1
1766,1
1767,2
1768,1
1769,4
1770,3
1771,3
1773,4
1774,4
1775,4
1776,4
1785,2
1786,2
1787,2
1788,1
1789,1
1790,1
1791,1
1792,1
1793,1
1794,1
1795,2
1796,1
1797,3
1799,1
1800,1
1801,1
1802,1
1803,1
1804,1
1805,1
1806,1
1807,1
1808,1
1809,1
1810,1
1811,5
1812,6
1813,1
1816,1
1823,8
1834,1
1838,7
1840,9
1843,1
1844,1
1852,1
1853,1
1854,1
1858,2
1866,1
1867,1
1868,1
1869,1
1870,1
1871,3
1872,3
1873,1
1876,10
1877,5
1882,1
1883,1
1884,8
1885,5
1891,1
1892,1
1893,1
1895,9
1896,5
1900,3
1906,3
1908,1
1910,7
1912,1
1913,2
1914,2
1915,1
1924,3
1933,3
1936,1
1937,1
1938,1
1942,1
1943,1
1960,2
1961,2
1962,1
1963,1
1965,2
1966,2
1967,5
1968,3
1969,3
1970,3
1971,4
1972,1
1973,1
1974,2
1978,1
1979,1
1980,4
1981,5
1982,1
1983,1
1984,2
1985,4
1986,2
1987,2
1988,2
1989,1
1990,1
1991,1
1992,1
1993,1
1994,3
1995,1
1996,1
1997,1
1999,2
2000,2
2001,2
2008,1
2009,1
2010,3
2011,3
2012,1
2013,3
2019,10
2020,6
2021,5
2022,4
2023,1
2024,3
2025,3
2039,10
2040,6
2047,1
2049,7
2050,7
2058,1
2059,1
2060,2
2061,1
2062,1
2064,3
2067,2
2068,2
2069,1
2072,11
2074,2
2076,3
2078,1
2079,1
2080,1
2085,3
2088,1
2089,1
2090,1
2091,1
2092,1
2094,1
2096,1
2097,1
2098,1
2099,1
2100,1
2101,1
2102,1
2103,1
2104,3
2105,1
2106,8
2107,8
2108,7
2109,6
2115,1
2116,1
2117,1
2152,2
2153,6
2164,2
2169,1
2173,1
2179,1
2195,3
2197,3
2198,3
2200,2
2202,2
2205,7
2206,3
2207,4
2208,2
2209,2
2213,1
2214,1
2215,1
2216,1
2217,1
2218,1
2219,4
2224,1
2225,4
2226,4
2227,4
2228,4
2229,1
2230,1
2231,1
2232,1
2233,1
2234,1
2235,1
2236,1
2237,1
2238,1
2239,1
2240,1
2241,1
2242,1
2243,4
2244,4
2246,1
2247,4
2248,4
2249,4
2250,1
2251,1
2252,1
2253,1
2254,1
2255,1
2256,1
2257,1
2265,1
2268,3
2269,2
2270,2
2271,5
2272,2
2273,5
2274,5
2277,5
2278,2
2279,4
2280,1
2281,9
2283,2
2284,2
2286,1
2287,1
2288,2
2290,10
2291,4
2295,10
2302,1
2303,7
2304,5
2305,1
2306,1
2308,1
2310,5
2311,5
2312,1
2313,9
2316,1
2317,1
2318,1
2319,1
2320,1
2321,1
2330,1
2333,2
2334,1
2335,1
2336,1
2337,1
2338,4
2339,1
2340,1
2341,1
2342,1
2343,1
2344,1
2345,1
2348,1
2352,1
2353,2
2354,2
2355,1
2356,1
2357,1
2358,1
2359,4
2360,4
2362,1
2363,2
2364,2
2367,1
2368,1
2369,4
2370,3
2371,1
2372,2
2373,2
2374,2
2375,1
2376,1
2377,1
2378,7
2379,7
2380,1
2381,1
2382,1
2383,1
2384,1
2385,2
2386,2
2387,2
2388,1
2390,1
2391,1
2392,3
2394,1
2395,1
2396,1
2397,1
2398,1
2400,3
2401,5
2402,1
2403,1
2404,1
2405,5
2406,3
2407,1
2408,1
2409,1
2410,1
2412,1
2414,1
2415,1
2417,1
2418,1
2419,1
2420,1
2421,1
2422,1
2423,1
2424,2
2425,2
2426,2
2429,3
2430,4
2431,1
2432,1
2433,1
2434,9
2435,3
2438,5
2439,1
2440,1
2441,1
2442,1
2443,1
2444,1
2445,1
2446,1
2449,1
2450,1
2451,1
2452,1
2455,1
2456,1
2457,1
2464,3
2465,1
2472,6
2476,1
2477,5
2478,2
2479,1
2480,2
2486,5
2487,5
2491,1
2492,1
2494,5
2495,1
2496,1
2497,1
2498,1
2504,1
2505,2
2506,1
2507,5
2508,2
2509,1
2510,4
2511,2
2512,7
2513,2
2514,4
2515,4
2516,2
2517,1
2518,2
2519,11
2520,3
2521,3
2522,3
2523,3
2524,15
2527,1
2529,1
2530,2
2531,5
2532,9
2533,7
2534,1
2535,1
2536,2
2537,1
2538,1
2539,1
2540,1
2541,4
2542,1
2543,1
2544,1
2545,1
2546,4
2547,1
2549,1
2550,1
2551,1
2552,5
2553,4
2554,1
2555,1
2557,7
2558,4
2559,1
2561,10
2562,3
2563,5
2564,5
2565,5
2566,1
2568,2
2569,1
2570,1
2571,3
2572,2
2573,1
2574,1
2575,1
2576,2
2580,1
2581,2
2582,9
2585,6
2586,4
2587,5
2588,4
2590,2
2591,1
2592,3
2593,2
2595,1
2596,1
2597,1
2599,1
2603,1
2604,1
2605,1
2606,2
2609,2
2610,2
2611,2
2612,1
2613,1
2614,8
2616,1
2617,1
2618,1
2619,1
2620,1
2621,1
2622,1
2623,1
2624,1
2625,1
2626,1
2627,1
2628,2
2629,2
2630,2
2631,1
2632,1
2633,1
2634,1
2635,3
2636,3
2637,7
2638,7
2639,1
2640,1
2641,1
2642,1
2643,1
2644,2
2645,2
2646,2
2649,1
2650,1
2652,1
2653,2
2655,1
2656,1
2657,1
2658,1
2659,1
2660,1
2661,1
2662,1
2663,1
2664,2
2665,2
2668,1
2669,1
2670,1
2671,1
2672,1
2673,1
2674,1
2675,1
2676,1
2677,1
2679,2
2686,2
2687,1
2688,1
2689,1
2691,8
2693,4
2694,9
2695,2
2696,1
2697,2
2699,5
2701,3
2702,1
2703,1
2704,1
2705,1
2706,1
2707,1
2708,1
2709,3
2710,1
2713,1
2714,1
2715,1
2719,1
2720,1
2721,3
2723,7
2725,1
2726,2
2727,1
2728,1
2729,1
2730,1
2731,1
2732,1
2733,1
2734,1
2735,1
2745,1
2746,1
2747,1
2748,1
2754,1
2755,2
2756,2
2757,1
2758,2
2759,2
2760,3
2761,4
2762,3
2763,5
2764,1
2765,4
2766,1
2769,3
2772,1
2773,2
2774,12
2777,1
2778,1
2779,1
2780,1
2782,1
2785,2
2786,5
2787,3
2788,1
2789,1
2790,1
2791,1
2792,1
2794,6
2795,1
2796,1
2797,1
2803,1
2804,1
2807,1
2812,1
2813,1
2814,1
2815,1
2816,7
2820,1
2821,2
2822,1
2823,1
2824,2
2825,1
2826,1
2827,1
2828,1
2829,1
2830,1
2831,3
2832,3
2835,1
2836,3
2837,3
2838,1
2839,1
2840,1
2841,2
2842,5
2843,1
2844,1
2845,1
2846,1
2847,1
2848,1
2852,1
2853,1
2854,1
2855,1
2856,2
2857,23
2858,1
2859,1
2860,7
2864,1
2865,1
2866,7
2867,4
2868,7
2869,4
2870,4
2879,1
2880,1
2881,1
2882,7
2883,1
2886,3
2889,1
2890,1
2891,2
2892,5
2893,5
2894,5
2895,1
2896,1
2897,1
2898,5
2899,2
2901,1
2902,1
2903,1
2905,1
2906,1
2907,1
2908,1
2909,1
2910,1
2911,1
2912,1
2913,1
2914,1
2915,1
2916,1
2917,1
2918,1
2919,1
2920,1
2921,1
2922,1
2923,1
2924,1
2925,1
2926,1
2927,1
2928,5
2929,1
2930,1
2945,1
2946,1
2947,1
2948,1
2949,1
2950,1
2951,1
2952,1
2956,1
2957,1
2958,1
2959,1
2960,1
2961,1
2962,1
2963,2
2964,4
2965,4
2966,4
2967,12
2968,4
2969,1
2970,2
2971,2
2972,1
2973,1
2974,1
2975,1
2976,3
2977,4
2978,1
2979,1
2980,1
2981,1
2982,1
2983,1
2984,1
2985,1
2986,1
2987,1
2988,1
2989,1
2990,1
2991,1
2992,1
2993,1
2994,1
2995,1
2996,1
2997,1
2998,3
2999,3
3000,3
3001,3
3002,1
3003,1
3004,1
3005,10
3006,3
3007,2
3008,2
3009,2
3010,5
3011,1
3012,1
3013,1
3014,1
3015,1
3016,1
3017,1
3018,1
3019,1
3020,1
3021,1
3022,1
3023,1
3024,1
3025,2
3026,1
3027,1
3028,3
3029,3
3030,3
3031,1
3032,1
3033,1
3034,1
3035,1
3036,1
3037,2
3038,2
3039,2
3040,4
3041,1
3042,1
3043,1
3044,1
3045,3
3046,1
3047,1
3048,1
3049,1
3050,1
3051,1
3052,1
3053,1
3057,1
3058,1
3059,1
3060,9
3061,6
3062,5
3063,4
3064,4
3065,4
3066,4
3067,12
3068,4
3069,4
3070,1
3071,1
3072,1
3075,2
3076,1
3077,1
3078,1
3080,2
3081,2
3082,2
3083,5
3084,1
3085,1
3086,1
3087,1
3088,1
3089,1
3090,1
3091,1
3092,1
3093,2
3094,1
3095,1
3096,1
3097,1
3098,1
3099,1
3100,1
3105,1
3106,1
3107,1
3108,1
3109,1
3122,1
3219,3
3220,2
3221,2
3223,5
3224,1
3225,3
3229,1
3230,1
3231,1
3232,1
3233,1
3235,1
3236,1
3237,1
3238,1
3240,1
3241,1
3242,1
3243,1
3244,1
3245,1
3247,9
3248,1
3249,1
3250,5
3251,1
3252,1
3253,1
3254,1
3255,1
3256,1
3257,1
3258,1
3259,1
3260,1
3261,1
3262,1
3264,9
3265,2
3266,1
3267,1
3268,1
3269,4
3270,4
3271,4
3272,9
3273,5
3274,5
3275,5
3276,4
3277,1
3278,4
3279,4
3280,4
3281,4
3282,1
3283,1
3284,1
3285,1
3286,1
3287,1
3288,1
3289,1
3290,1
3291,1
3292,1
3293,1
3294,1
3295,1
3296,1
3297,1
3298,1
3299,1
3300,1
3302,3
3304,3
3305,1
3306,3
3310,9
3315,5
3316,1
3317,1
3337,1
3345,1
3346,1
3347,1
3348,1
3351,4
3352,1
3360,1
3362,1
3363,1
3364,1
3365,1
3366,1
3367,1
3370,1
3371,1
3373,5
3374,5
3375,2
3376,4
3380,5
3381,8
3385,1
3386,1
3387,1
3388,1
3389,1
3390,1
3391,1
3392,1
3393,1
3394,1
3395,1
3396,1
3397,1
3398,1
3399,1
3400,1
3401,1
3402,1
3403,1
3404,1
3405,1
3406,1
3407,1
3408,1
3409,1
3410,1
3411,1
3412,1
3413,1
3414,1
3415,1
3416,1
3417,1
3418,1
3419,1
3420,1
3421,1
3422,1
3423,1
3424,1
3425,1
3426,1
3427,1
3428,1
3429,1
3430,1
3431,1
3432,1
3433,1
3434,1
3435,1
3436,1
3437,1
3438,1
3439,1
3440,1
3441,1
3442,1
3443,1
3444,1
3445,1
3446,1
3447,1
3448,1
3449,1
3450,1
3519,2
3521,2
3526,2
3527,2
3528,2
3529,2
3530,2
3531,2
3532,2
3533,4
3534,4
3535,4
3536,12
3537,4
3538,1
3539,2
3540,2
3541,2
3548,2
3549,3
3550,2
3551,2
3552,2
3553,1
3554,1
3555,2
3556,2
3557,2
3558,2
3559,2
3560,2
3561,2
3562,2
3563,2
3564,2
3565,2
3566,2
3567,3
3568,3
3569,1
3570,1
3571,1
3572,1
3573,1
3576,1
3577,1
3578,1
3579,1
3580,1
3581,1
3582,1
3583,1
3584,1
3585,1
3586,1
3587,1
3590,4
3591,3
3598,4
3615,8
3618,1
3619,7
3625,2
3626,2
3629,4
3630,4
3631,2
3632,7
3633,6
3634,5
3635,8
3636,1
3637,1
3638,1
3639,1
3640,1
3641,1
3642,1
3643,1
3644,1
3645,1
3646,1
3647,1
3648,1
3649,1
3650,1
3683,2
3684,2
3685,2
3686,2
3687,2
3688,2
3689,2
3690,2
3695,2
3696,2
3697,2
3700,11
3701,1
3702,1
3703,1
3704,1
3705,1
3706,7
3707,1
3708,1
3709,1
3713,6
3714,2
3715,3
3720,1
3721,2
3722,4
3723,3
3728,6
3729,6
3730,6
3731,6
3732,1
3758,14
3759,14
3760,14
3761,14
3763,14
3764,1
3765,1
3766,1
3769,5
3771,1
3772,2
3773,2
3774,1
3775,1
3776,5
3777,4
3778,4
3779,4
3780,1
3781,2
3782,2
3784,1
3785,1
3786,1
3787,9
3790,1
3791,1
3792,1
3793,1
3794,1
3795,1
3796,1
3797,1
3798,1
3799,3
3800,2
3801,4
3802,3
3803,3
3804,8
3805,3
3809,1
3810,1
3811,1
3812,1
3813,1
3814,1
3815,1
3816,1
3817,1
3818,1
3819,1
3820,1
3821,1
3822,1
3823,1
3824,1
3825,1
3826,1
3827,1
3828,1
3829,1
3830,1
3831,1
3832,1
3833,1
3834,1
3835,1
3836,1
3837,1
3838,1
3839,1
3840,1
3841,1
3842,1
3843,1
3844,1
3845,1
3846,1
3847,1
3848,1
3849,1
3850,1
3851,1
3852,1
3853,1
3854,1
3855,1
3856,1
3857,1
3858,1
3859,1
3860,1
3861,1
3862,1
3863,1
3864,1
3865,1
3866,1
3867,1
3868,1
3869,1
3870,1
3871,1
3872,1
3873,1
3874,1
3875,1
3876,1
3877,1
3878,1
3879,1
3880,1
3888,1
3889,1
3890,7
3891,7
3894,1
3895,1
3898,1
3899,1
3900,1
3903,1
3904,16
3908,3
3909,5
3910,6
3911,3
3912,2
3919,1
3920,1
3921,1
3925,1
3926,1
3927,1
3928,1
3929,1
3930,1
3931,1
3932,1
3933,1
3934,1
3935,1
3936,1
3937,1
3939,1
3940,1
3941,1
3945,1
3946,1
3947,1
3950,1
3951,2
3952,2
3953,2
3954,1
3955,1
3962,1
3963,1
3964,1
3965,1
3966,1
3967,2
3968,2
3970,3
3971,3
3972,2
3973,1
3974,2
3975,1
3976,2
3977,2
3978,1
3979,1
3980,1
3981,1
3982,1
3983,1
3984,1
3985,1
3986,1
3987,1
3988,1
3989,1
3990,1
3991,1
3994,2
3995,3
3996,2
3997,2
3998,2
3999,1
4000,1
4001,1
4002,1
4003,1
4004,1
4005,1
4006,2
4007,5
4008,1
4009,1
4010,3
4011,3
4012,2
4013,1
4014,1
4015,1
4017,1
4018,3
4019,6
4020,4
4021,5
4022,9
4023,3
4024,3
4025,4
4026,3
4027,4
4028,2
4029,4
4030,2
4032,1
4037,3
4038,2
4039,2
4040,7
4041,7
4042,2
4055,5
4056,5
4057,2
4058,4
4059,4
4060,1
4070,8
4071,1
4072,10
4073,5
4074,1
4075,1
4076,1
4077,1
4078,1
4079,1
4080,1
4081,1
4082,1
4083,1
4084,1
4085,1
4086,1
4087,1
4088,1
4089,1
4090,4
4093,3
4108,4
4109,5
4110,5
4111,6
4112,7
4113,6
4114,7
4116,6
4117,7
4118,5
4119,6
4120,7
4129,3
4130,3
4131,8
4132,1
4133,2
4134,2
4136,2
4137,2
4138,2
4139,2
4145,1
4146,1
4147,1
4148,1
4149,1
4150,1
4151,1
4152,1
4153,1
4154,1
4155,1
4159,1
4160,1
4161,1
4162,5
4163,10
4164,1
4165,1
4166,1
4167,1
4168,1
4170,1
4171,1
4172,1
4173,4
4174,4
4175,5
4176,1
4177,1
4178,1
4179,1
4180,1
4181,4
4182,4
4183,2
4184,2
4185,1
4188,1
4189,1
4190,1
4191,1
4192,1
4193,1
4194,1
4195,1
4196,1
4197,1
4198,1
4199,1
4200,1
4210,5
4213,3
4214,3
4215,1
4216,1
4217,1
4218,1
4219,8
4220,2
4221,1
4222,1
4223,1
4224,1
4225,1
4226,1
4227,1
4228,1
4229,1
4230,7
4231,5
4232,11
4233,3
4234,3
4235,7
4236,2
4237,3
4238,4
4239,4
4240,5
4241,8
4242,3
4243,4
4244,4
4245,5
4246,8
4247,1
4248,1
4249,1
4250,1
4251,1
4252,1
4253,1
4254,1
4255,1
4257,2
4258,2
4260,1
4261,1
4262,1
4263,1
4264,1
4265,1
4266,1
4267,1
4268,1
4269,1
4274,1
4275,1
4276,1
4277,1
4278,1
4279,1
4280,1
4281,1
4282,1
4283,1
4284,1
4285,1
4286,1
4287,4
4291,3
4292,5
4293,5
4294,1
4295,1
4296,3
4297,4
4298,4
4299,5
4300,8
4301,3
4302,4
4303,4
4304,5
4305,8
4306,10
4307,5
4308,4
4309,1
4310,3
4311,5
4312,7
4313,10
4314,1
4315,1
4316,1
4321,1
4322,1
4325,2
4326,2
4327,1
4328,2
4329,1
4330,2
4331,3
4332,5
4333,7
4334,10
4335,3
4336,3
4337,5
4338,7
4339,10
4340,1
4341,3
4342,3
4343,10
4344,5
4345,1
4346,1
4347,1
4348,1
4349,1
4350,1
4351,1
4352,1
4353,3
4354,2
4355,4
4356,1
4357,1
4359,3
4360,1
4361,1
4362,1
4363,3
4366,1
4367,1
4368,1
4369,1
4370,1
4371,1
4372,1
4373,1
4374,1
4375,1
4376,1
4377,1
4378,1
4379,1
4380,1
4382,1
4383,1
4384,1
4385,1
4387,6
4388,1
4389,1
4390,1
4391,1
4392,1
4393,1
4394,1
4395,1
4396,1
4397,1
4398,1
4399,1
4400,1
4401,1
4402,1
4403,1
4404,1
4405,1
4406,1
4407,1
4408,1
4409,1
4410,1
4411,1
4412,1
4413,1
4414,1
4415,1
4416,1
4417,1
4418,1
4419,1
4420,1
4421,1
4422,1
4423,1
4424,1
4425,1
4426,1
4427,1
4428,1
4429,1
4430,1
4431,1
4432,1
4433,1
4434,1
4435,1
4436,1
4437,1
4438,1
4439,1
4440,1
4441,1
4442,1
4443,1
4444,1
4445,1
4446,1
4447,1
4448,1
4449,1
4450,1
4451,1
4452,1
4453,5
4454,1
4455,1
4456,1
4457,1
4458,1
4459,1
4463,1
4464,1
4465,1
4466,1
4467,1
4468,1
4469,1
4470,1
4471,1
4472,1
4473,1
4474,1
4475,1
4476,1
4477,1
4478,1
4479,1
4480,1
4481,1
4482,1
4487,6
4488,1
4489,1
4490,1
4491,1
4492,1
4493,1
4494,1
4497,1
4498,1
4499,1
4500,1
4501,1
4502,1
4503,1
4504,1
4505,1
4506,1
4507,1
4508,1
4509,1
4510,1
4511,1
4512,1
4513,1
4514,1
4515,1
4516,1
4517,1
4518,1
4519,1
4520,1
4521,1
4522,1
4523,6
4524,1
4525,1
4526,1
4527,1
4528,4
4529,1
4530,1
4531,1
4532,1
4533,1
4534,1
4537,1
4538,1
4539,1
4540,1
4541,1
4542,4
4543,4
4544,4
4545,12
4546,4
4547,4
4548,12
4549,12
4550,12
4551,6
4552,7
4553,7
4554,2
4555,4
4556,4
4557,4
4558,4
4559,4
4560,4
4561,4
4562,4
4563,1
4564,1
4565,1
4566,1
4567,1
4568,1
4569,1
4570,1
4571,1
4572,1
4573,1
4576,1
4577,1
4579,1
4584,1
4585,8
4586,4
4587,4
4588,4
4590,1
4591,1
4592,1
4596,1
4597,1
4600,1
4605,4
4606,4
4607,1
4608,1
4609,1
4610,1
4611,1
4612,1
4613,1
4614,1
4615,1
4616,1
4617,1
4618,1
4619,1
4620,1
4621,1
4622,1
4623,1
4624,1
4625,1
4626,1
4627,1
4628,1
4629,1
4630,1
4631,1
4632,1
4633,1
4634,1
4635,1
4636,1
4637,1
4638,4
4639,4
4642,1
4647,1
4650,1
4651,1
4652,1
4653,1
4654,1
4655,1
4656,1
4657,1
4658,1
4659,1
4663,1
4664,4
4665,4
4666,2
4667,8
4668,8
4669,1
4670,1
4671,1
4672,1
4673,4
4676,1
4677,1
4678,2
4681,1
4682,1
4683,1
4684,1
4685,1
4686,1
4687,1
4688,1
4689,1
4690,1
4691,1
4692,1
4694,1
4695,2
4696,3
4697,1
4698,1
4699,1
4700,1
4701,1
4702,1
4703,1
4704,1
4705,1
4706,1
4707,1
4708,1
4726,1
4728,1
4729,4
4730,4
4731,4
4732,4
4733,1
4734,1
4735,1
4736,1
4737,1
4738,1
4739,1
4740,1
4741,1
4742,1
4743,1
4744,1
4745,1
4746,1
4747,1
4748,1
4749,1
4750,1
4751,1
4752,1
4753,1
4754,1
4755,1
4756,1
4757,1
4758,1
4759,1
4760,1
4761,1
4762,1
4763,1
4764,1
4765,1
4766,1
4767,1
4768,1
4769,1
4770,1
4771,1
4772,1
4773,1
4774,1
4775,1
4776,1
4777,1
4778,1
4779,1
4780,1
4781,1
4782,1
4783,1
4784,1
4785,1
4786,1
4787,1
4790,2
4791,3
4792,1
4793,1
4794,1
4795,1
4796,1
4797,2
4798,2
4802,3
4803,1
4804,1
4805,1
4806,1
4807,1
4808,1
4809,1
4810,1
4811,1
4812,1
4813,1
4814,1
4815,1
4816,1
4817,1
4818,1
4819,1
4820,1
4821,1
4822,1
4823,1
4824,1
4825,1
4831,5
4834,2
4835,3
4837,1
4838,1
4839,1
4840,1
4841,1
4842,1
4843,1
4844,1
4845,1
4853,4
4854,4
4856,1
4857,2
4858,2
4862,4
4864,1
4865,1
4866,1
4867,1
4868,1
4869,1
4870,3
4871,1
4872,1
4873,1
4874,1
4875,1
4876,1
4877,1
4878,1
4879,1
4880,1
4881,1
4882,1
4883,1
4884,1
4885,1
4886,1
4887,1
4888,1
4889,1
4890,1
4891,1
4892,1
4893,1
4894,1
4895,1
4896,1
4897,1
4898,1
4899,1
4900,1
4901,1
4902,1
4908,1
4909,1
4910,1
4911,1
4915,1
4916,1
4917,1
4918,1
4919,1
4921,1
4924,1
4925,1
4926,1
4927,1
4928,1
4929,1
4932,1
4933,1
4934,1
4935,1
4939,1
4940,1
4941,1
4942,1
4943,1
4944,1
4945,1
4946,10
4948,5
4950,4
4951,1
4952,1
4953,1
4954,1
4955,1
4956,1
4957,1
4958,1
4959,1
4960,1
4961,1
4962,1
4963,2
4964,8
4968,5
4969,4
4971,1
4972,1
4973,1
4974,1
4975,1
4976,1
4977,1
4978,1
4979,1
4980,1
4981,1
4982,1
4983,1
4984,1
4985,1
4986,1
4987,1
4988,1
4989,1
4990,1
4991,1
4992,1
4993,1
4994,1
4995,1
4996,1
4997,4
5001,1
5002,1
5003,1
5004,1
5009,3
5010,1
5011,1
5012,1
5014,2
5015,1
5016,1
5017,1
5018,1
5019,1
5033,1
5035,1
5036,5
5037,5
5038,1
5039,3
5043,10
5044,5
5046,4
5053,1
5055,3
5056,4
5057,4
5058,4
5059,5
5060,2
5061,4
5065,1
5066,1
5067,1
5068,1
5069,1
5070,1
5071,1
5072,1
5073,1
5074,1
5075,1
5076,1
5077,1
5078,1
5079,1
5080,1
5081,1
5082,1
5083,1
5084,1
5085,1
5086,1
5087,1
5088,1
5089,1
5090,1
5091,1
5092,1
5093,1
5094,1
5096,1
5097,1
5098,1
5099,1
5100,1
5101,1
5102,1
5103,1
5104,1
5105,1
5106,1
5107,1
5108,1
5109,1
5110,1
5111,1
5112,1
5113,1
5114,1
5115,1
5116,1
5117,2
5118,1
5119,3
5120,2
5121,3
5122,1
5123,1
5124,1
5125,1
5126,1
5127,1
5128,1
5129,1
5130,1
5131,1
5132,1
5133,1
5134,1
5135,1
5136,1
5137,1
5138,1
5139,1
5140,1
5141,4
5142,4
5143,1
5144,1
5145,1
5146,1
5147,1
5148,4
5149,4
5150,1
5151,1
5152,1
5153,1
5154,1
5155,1
5156,1
5157,1
5158,1
5159,1
5160,1
5161,3
5162,3
5163,3
5164,3
5165,3
5166,3
5167,3
5168,3
5169,3
5170,3
5171,3
5172,3
5173,3
5174,1
5175,1
5176,1
5177,1
5178,1
5179,1
5180,1
5181,1
5182,1
5183,1
5184,1
5185,1
5186,1
5187,1
5188,1
5189,1
5190,1
5191,1
5192,1
5193,1
5194,1
5195,1
5196,1
5197,1
5198,1
5199,1
5200,1
5201,1
5202,1
5203,1
5204,1
5205,1
5206,1
5207,1
5208,1
5209,1
5210,1
5211,1
5212,1
5213,1
5214,1
5215,1
5216,1
5217,1
5218,1
5219,1
5220,1
5221,1
5222,1
5223,1
5224,5
5225,10
5226,1
5227,1
5228,1
5229,1
5231,1
5233,2
5238,3
5239,5
5241,1
5242,1
5243,1
5244,1
5245,1
5246,5
5247,1
5248,1
5249,1
5250,1
5251,1
5252,1
5253,1
5254,1
5255,1
5256,1
5257,1
5258,1
5259,1
5260,1
5261,1
5262,1
5263,1
5264,1
5265,1
5266,1
5267,1
5268,1
5269,1
5270,1
5271,1
5272,1
5273,1
5274,1
5275,1
5276,1
5277,1
5278,1
5308,1
5309,3
5310,5
5311,2
5312,3
5313,5
5315,5
5316,1
5317,1
5332,1
5333,1
5334,1
5335,1
5336,1
5337,1
5338,1
5339,1
5340,1
5341,1
5342,1
5343,1
5344,1
5345,1
5346,1
5347,1
5348,1
5349,1
5350,1
5351,1
5352,1
5354,1
5355,1
5356,1
5358,3
5359,1
5360,1
5362,1
5363,1
5364,1
5365,1
5366,1
5367,1
5368,4
5373,3
5374,7
5375,6
5376,1
5377,1
5378,1
5379,1
5380,1
5381,1
5382,1
5383,1
5384,1
5385,1
5387,3
5388,1
5389,1
5395,1
5396,1
5398,1
5399,1
5400,1
5401,1
5402,4
5403,1
5404,1
5405,1
5408,1
5409,1
5411,1
5412,5
5414,1
5415,1
5416,6
5417,6
5421,1
5426,6
5427,4
5428,1
5429,1
5430,1
5433,1
5434,1
5435,1
5436,1
5437,1
5439,4
5440,3
5442,2
5443,8
5444,3
5445,4
5446,4
5447,4
5450,4
5459,4
5460,1
5461,1
5462,1
5463,1
5464,1
5465,1
5467,2
5468,1
5470,1
5471,1
5472,1
5473,1
5474,1
5476,4
5477,1
5479,1
5480,1
5481,1
5482,1
5483,1
5484,1
5485,1
5486,1
5487,1
5488,1
5489,1
5490,1
5491,1
5492,1
5493,3
5494,1
5495,1
5496,1
5497,1
5498,1
5499,2
5500,2
5501,2
5502,2
5503,2
5505,1
5506,1
5507,1
5508,1
5509,1
5510,1
5511,1
5512,1
5513,1
5514,1
5515,1
5516,1
5517,1
5518,1
5519,1
5520,1
5521,1
5522,1
5523,1
5524,1
5525,1
5526,1
5527,1
5528,1
5529,1
5530,1
5531,1
5532,1
5533,1
5534,1
5535,1
5536,1
5537,1
5538,1
5539,1
5540,1
5541,1
5542,1
5560,2
5561,2
5562,2
5563,2
5564,2
5565,3
5566,1
5567,4
5568,2
5569,2
5570,2
5571,2
5572,2
5573,2
5574,2
5575,1
5576,1
5577,1
5578,1
5579,1
5580,1
5581,1
5582,1
5583,1
5584,1
5585,1
5586,1
5587,1
5588,1
5589,1
5590,8
5592,1
5593,1
5596,1
5599,1
5601,1
5602,1
5603,1
5604,1
5605,1
5606,1
5607,1
5608,1
5609,1
5610,1
5611,1
5612,1
5613,1
5614,1
5615,1
5616,1
5617,1
5618,1
5619,3
5620,1
5621,1
5624,4
5625,4
5626,4
5627,2
5630,1
5631,1
5632,1
5633,1
5634,1
5635,1
5636,1
5639,1
5640,1
5641,8
5642,1
5643,1
5644,1
5654,1
5655,1
5656,1
5657,1
5658,1
5659,6
5660,1
5661,1
5662,5
5663,1
5664,1
5665,1
5666,1
5667,6
5668,7
5669,7
5670,1
5671,1
5672,1
5673,1
5674,1
5675,1
5676,1
5677,1
5678,1
5679,1
5680,1
5681,1
5682,1
5684,6
5685,7
5686,1
5687,1
5688,1
5689,6
5690,7
5691,6
5692,7
5693,4
5694,4
5695,1
5696,1
5697,1
5698,1
5699,1
5700,1
5703,3
5704,5
5705,1
5706,1
5707,1
5708,1
5709,1
5710,1
5711,1
5712,1
5713,1
5714,1
5715,1
5716,1
5717,1
5718,1
5719,1
5720,1
5721,1
5722,7
5723,1
5724,1
5725,1
5726,1
5727,1
5728,1
5729,1
5730,1
5731,1
5732,1
5733,1
5734,1
5735,1
5736,1
5737,1
5738,1
5739,1
5740,1
5741,4
5742,4
5743,2
5744,6
5745,3
5746,2
5747,1
5748,1
5749,1
5750,7
5751,1
5752,6
5753,7
5754,1
5755,1
5756,1
5757,1
5758,1
5759,1
5760,2
5761,3
5763,1
5764,1
5765,1
5766,1
5768,13
5769,5
5770,7
5771,9
5772,11
5773,11
5776,3
5777,6
5778,7
5782,7
5784,3
5785,5
5786,5
5787,5
5788,5
5789,6
5790,5
5791,6
5792,5
5799,1
5800,1
5801,1
5802,1
5803,1
5804,1
5805,1
5806,1
5807,1
5808,8
5810,1
5811,1
5812,1
5813,3
5814,3
5815,5
5816,5
5817,5
5825,1
5826,4
5828,2
5829,1
5830,3
5833,1
5834,1
5835,1
5836,1
5837,1
5838,1
5839,1
5840,1
5841,1
5842,1
5844,8
5845,1
5846,1
5847,1
5848,1
5849,1
5850,1
5851,1
5852,1
5853,1
5854,1
5857,2
5859,1
5860,4
5864,1
5865,5
5866,2
5869,5
5870,5
5871,5
5872,1
5873,1
5874,1
5875,3
5876,1
5877,1
5878,1
5879,1
5880,1
5881,1
5882,1
5883,1
5884,1
5885,1
5886,1
5887,1
5888,1
5889,1
5890,1
5891,1
5892,1
5893,1
5894,1
5896,1
5897,1
5898,1
5899,1
5900,1
5901,1
5902,1
5903,7
5904,1
5907,1
5908,1
5909,1
5910,1
5911,1
5912,1
5913,7
5914,1
5915,1
5916,1
5917,3
5920,3
5923,1
5924,1
5925,1
5926,1
5927,1
5928,1
5929,1
5930,5
5931,5
5932,5
5933,5
5934,5
5936,1
5937,1
5938,1
5939,4
5940,1
5941,1
5942,1
5943,1
5944,1
5945,1
5946,7
5947,9
5948,15
5949,11
5950,5
5951,5
5952,6
5953,5
5954,6
5955,5
5956,1
5957,1
5959,1
5960,1
5961,5
5962,1
5963,1
5964,1
5968,5
5969,5
5970,2
5971,1
5972,1
5973,1
5974,1
5975,1
5976,1
5977,1
5978,1
5979,1
5980,1
5981,3
5982,3
5983,3
5984,8
5985,4
5986,1
5987,3
5988,5
5989,1
5990,1
5994,1
5995,1
5998,3
5999,1
6000,1
6001,1
6002,1
6003,4
6004,4
6005,3
6006,3
6007,2
6008,3
6009,2
6010,1
6011,1
6012,1
6013,1
6014,1
6015,1
6016,1
6017,1
6018,1
6019,1
6020,1
6021,1
6022,1
6023,1
6024,1
6033,1
6034,1
6035,1
6036,1
6037,1
6038,1
6039,1
6040,1
6041,1
6042,1
6043,1
6044,1
6045,1
6046,1
6047,1
6055,1
6056,1
6057,1
6058,1
6059,1
6060,1
6061,1
6062,1
6063,1
6064,1
6065,1
6066,1
6067,1
6068,1
6069,1
6070,1
6071,1
6072,1
6073,1
6074,1
6075,1
6076,1
6077,1
6078,1
6079,1
6080,1
6086,1
6087,1
6088,1
6089,1
6090,2
6091,1
6092,1
6093,3
6094,3
6095,10
6096,3
6097,5
6105,1
6106,1
6107,1
6108,1
6109,1
6110,1
6111,1
6112,1
6113,1
6114,1
6115,1
6116,1
6117,1
6119,1
6120,1
6121,1
6122,1
6123,1
6124,1
6125,5
6126,1
6132,1
6135,1
6136,1
6137,1
6138,1
6139,1
6140,1
6141,5
6142,4
6143,1
6144,1
6149,1
6150,5
6151,1
6152,1
6153,1
6154,1
6155,1
6156,1
6157,1
6158,1
6159,1
6160,1
6161,1
6162,1
6163,1
6164,1
6165,1
6166,2
6167,1
6168,1
6169,1
6170,1
6171,1
6175,1
6180,1
6181,1
6182,1
6183,1
6184,1
6185,3
6188,1
6189,1
6190,1
6191,2
6192,2
6194,1
6195,1
6196,1
6197,1
6198,1
6199,1
6200,2
6201,2
6202,1
6203,1
6204,3
6205,1
6206,2
6209,1
6211,1
6216,4
6217,3
6218,3
6221,4
6222,3
6223,4
6224,3
6225,5
6226,3
6228,4
6235,1
6236,1
6237,1
6238,1
6239,1
6240,1
6241,1
6242,1
6243,1
6244,1
6245,1
6246,1
6247,1
6248,1
6249,1
6250,1
6251,1
6252,1
6253,1
6264,1
6265,1
6266,1
6267,1
6268,1
6269,1
6270,1
6271,1
6272,1
6273,1
6274,1
6275,1
6276,1
6277,1
6278,1
6279,1
6280,1
6281,1
6282,1
6283,1
6284,1
6285,1
6286,1
6287,1
6288,1
6289,1
6291,2
6292,2
6293,1
6294,1
6295,1
6297,3
6298,1
6299,1
6300,1
6301,1
6302,1
6303,1
6304,3
6305,2
6306,2
6307,1
6308,1
6309,1
6311,1
6312,1
6313,1
6314,1
6315,1
6316,1
6317,1
6318,1
6319,1
6320,1
6321,1
6322,1
6323,1
6324,1
6325,1
6326,1
6327,1
6328,1
6329,1
6330,1
6331,1
6332,1
6333,1
6334,1
6335,1
6336,1
6337,1
6338,1
6339,1
6340,1
6341,1
6342,1
6343,1
6344,1
6350,1
6351,3
6352,1
6354,4
6355,5
6356,2
6358,1
6359,1
6360,2
6361,3
6362,1
6363,1
6364,3
6365,3
6367,1
6368,1
6369,1
6370,1
6371,1
6372,1
6373,1
6374,1
6375,1
6376,1
6377,1
6378,1
6379,2
6380,3
6381,14
6382,7
6383,10
6384,5
6385,5
6386,1
6387,1
6388,1
6389,1
6390,1
6391,1
6392,1
6393,3
6394,1
6395,6
6396,7
6397,14
6398,5
6399,7
6400,9
6401,3
6402,3
6403,15
6404,11
6405,7
6406,7
6407,5
6408,3
6409,5
6410,5
6411,5
6412,5
6413,6
6414,5
6415,6
6416,5
6417,4
6418,3
6419,4
6420,3
6421,6
6423,5
6424,5
6425,5
6426,1
6427,1
6428,1
6429,1
6430,1
6431,1
6432,1
6433,1
6434,1
6435,1
6437,6
6464,7
6465,1
6466,1
6467,1
6468,1
6471,5
6472,5
6473,4
6474,5
6475,5
6476,9
6477,13
6478,5
6479,7
6480,9
6481,11
6482,11
6501,1
6503,8
6504,2
6505,1
6506,1
6507,1
6508,1
6509,1
6510,2
6512,1
6513,6
6514,6
6515,6
6516,2
6520,1
6521,1
6522,1
6523,1
6526,1
6527,1
6528,1
6529,1
6530,2
6531,1
6532,1
6533,1
6543,1
6544,1
6547,1
6548,3
6549,1
6550,1
6551,1
6552,1
6553,2
6554,2
6556,1
6557,1
6558,1
6559,1
6560,4
6561,2
6562,2
6563,2
6564,1
6565,1
6566,1
6567,1
6568,1
6569,1
6570,1
6571,1
6572,1
6573,1
6574,1
6575,1
6576,1
6577,1
6578,1
6579,1
6580,1
6581,1
6582,1
6583,1
6584,1
6585,1
6586,1
6587,1
6588,1
6589,1
6590,1
6591,1
6592,1
6593,1
6594,1
6595,1
6596,1
6597,1
6598,1
6599,1
6600,1
6601,1
6602,1
6603,1
6604,1
6605,1
6606,1
6607,1
6608,1
6609,1
6610,1
6611,1
6612,1
6613,1
6614,1
6615,1
6616,1
6617,1
6618,1
6619,1
6620,1
6621,1
6622,1
6623,1
6624,1
6625,1
6626,1
6627,1
6628,1
6629,1
6630,1
6631,1
6632,1
6633,1
6634,1
6635,1
6636,1
6637,1
6638,1
6639,1
6640,1
6641,1
6642,1
6643,1
6644,1
6645,1
6646,1
6647,1
6648,1
6649,1
6650,1
6651,1
6652,1
6653,1
6654,1
6655,1
6656,1
6657,1
6658,1
6659,1
6660,1
6661,1
6662,1
6663,1
6664,1
6665,1
6666,1
6667,1
6668,1
6669,1
6670,1
6671,1
6672,1
6673,1
6674,1
6675,1
6676,1
6677,1
6678,1
6679,1
6680,1
6681,1
6682,1
6683,1
6684,1
6685,1
6686,1
6687,1
6688,1
6689,1
6690,1
6691,1
6692,1
6693,1
6694,1
6695,1
6696,1
6697,1
6698,1
6699,1
6700,1
6701,1
6702,1
6703,1
6704,1
6705,1
6706,1
6707,1
6708,1
6709,1
6710,1
6711,1
6712,1
6713,1
6714,1
6715,1
6716,1
6717,1
6718,1
6719,1
6720,1
6721,1
6722,1
6723,1
6724,1
6725,1
6726,1
6727,1
6728,1
6729,1
6730,1
6731,1
6732,1
6733,1
6734,1
6735,1
6736,1
6737,1
6738,1
6739,1
6740,1
6741,1
6742,1
6743,1
6744,1
6745,1
6746,1
6747,1
6748,1
6749,1
6750,1
6751,1
6752,1
6753,1
6754,1
6755,1
6756,1
6757,1
6758,1
6759,1
6760,1
6761,1
6762,1
6763,1
6764,1
6765,1
6766,1
6767,1
6768,1
6769,1
6770,1
6771,1
6772,1
6773,1
6774,1
6775,1
6776,1
6777,1
6778,1
6779,1
6780,1
6781,1
6782,1
6783,1
6784,1
6785,1
6786,1
6787,1
6788,1
6789,1
6790,1
6791,1
6792,1
6793,1
6794,1
6795,1
6796,1
6797,1
6798,1
6799,1
6800,1
6801,1
6802,1
6803,1
6977,1
6978,1
6979,1
6980,1
6981,1
6982,1
6983,1
6984,1
6985,1
6986,1
6988,1
6989,1
6990,1
6991,1
6994,1
6995,1
6996,1
6997,1
6998,1
6999,1
7000,1
7001,1
7002,1
7003,1
7004,1
7005,1
7006,1
7007,1
7012,3
7013,3
7014,3
7015,3
7016,3
7017,3
7018,10
7019,10
7020,1
7021,1
7022,1
7023,5
7024,9
7025,5
7027,8
7028,3
7029,5
7030,2
7033,1
7034,1
7035,1
7036,1
7037,1
7038,1
7039,1
7040,1
7041,1
7042,1
7043,1
7044,1
7045,1
7046,1
7047,1
7048,1
7049,1
7050,1
7051,1
7052,1
7053,1
7054,1
7055,1
7056,1
7059,1
7060,1
7061,1
7062,1
7063,1
7064,1
7065,1
7066,1
7067,1
7068,1
7069,1
7070,1
7071,1
7072,1
7073,1
7074,1
7075,1
7076,1
7077,1
7078,1
7079,1
7080,1
7081,1
7082,1
7083,1
7084,1
7085,1
7086,1
7087,1
7088,1
7089,1
7090,1
7091,1
7092,1
7093,1
7094,1
7095,1
7096,1
7097,1
7098,1
7099,1
7100,1
7101,2
7102,2
7103,1
7104,1
7105,1
7106,10
7113,3
7114,7
7115,1
7116,5
7117,8
7118,3
7119,1
7120,1
7121,1
7122,1
7123,1
7124,1
7125,1
7126,1
7127,1
7128,1
7129,1
7130,1
7131,4
7132,5
7133,5
7134,7
7135,1
7136,4
7137,2
7138,4
7140,2
7141,1
7142,1
7143,1
7144,1
7145,1
7146,1
7151,2
7152,1
7153,1
7154,1
7155,1
7156,2
7157,2
7159,1
7160,1
7166,4
7167,2
7168,1
7169,1
7170,4
7171,2
7172,4
7173,2
7174,1
7175,1
7176,4
7177,2
7178,4
7179,2
7180,1
7181,1
7182,5
7183,3
7184,3
7185,1
7186,1
7187,1
7188,4
7196,3
7197,3
7203,8
7204,3
7205,5
7207,6
7208,6
7211,2
7212,1
7213,3
7214,10
7215,4
7216,3
7217,7
7218,1
7219,1
7220,1
7221,1
7222,1
7223,1
7224,1
7225,1
7226,1
7227,1
7228,1
7229,1
7230,1
7232,1
7233,1
7234,8
7235,5
7236,3
7238,3
7240,3
7241,3
7242,3
7244,2
7245,13
7246,7
7247,11
7248,11
7249,4
7250,4
7251,9
7252,1
7253,1
7254,1
7255,1
7256,1
7257,1
7258,1
7259,1
7260,1
7261,1
7262,1
7263,1
7264,1
7265,1
7266,1
7267,1
7268,1
7269,1
7270,1
7271,1
7272,1
7273,1
7274,1
7275,1
7276,1
7277,1
7278,1
7279,1
7280,1
7281,5
7282,5
7283,5
7284,5
7285,5
7286,5
7287,5
7288,5
7289,4
7290,5
7291,5
7292,5
7293,9
7294,9
7295,9
7296,1
7297,1
7298,1
7299,1
7300,9
7301,8
7302,4
7303,2
7304,1
7305,1
7306,1
7307,1
7308,1
7309,1
7310,1
7311,1
7312,1
7315,3
7316,6
7317,7
7318,5
7319,7
7320,3
7321,3
7322,5
7324,3
7325,1
7326,1
7327,1
7328,1
7329,1
7330,1
7331,1
7332,1
7333,1
7334,1
7335,1
7337,1
7338,1
7339,1
7340,1
7348,1
7349,1
7350,10
7351,1
7352,1
7353,6
7354,3
7355,1
7356,1
7358,1
7359,1
7360,1
7362,1
7363,1
7367,1
7368,1
7373,1
7375,3
7376,1
7377,1
7378,2
7379,3
7380,1
7381,1
7382,3
7383,3
7384,3
7388,1
7389,1
7390,1
7391,1
7392,1
7393,1
7394,2
7395,2
7396,1
7397,1
7401,2
7403,7
7404,4
7405,2
7406,1
7407,1
7408,1
7409,1
7410,1
7411,1
7412,1
7413,1
7414,1
7415,1
7416,1
7417,1
7418,1
7419,1
7420,1
7421,4
7422,1
7423,1
7424,1
7425,1
7427,3
7428,2
7429,3
7432,4
7433,4
7434,1
7435,1
7436,1
7437,1
7438,1
7439,1
7440,1
7441,1
7442,1
7443,1
7444,1
7445,1
7446,1
7447,1
7448,1
7449,1
7450,1
7451,1
7452,1
7453,1
7454,1
7455,7
7462,2
7463,1
7464,1
7465,1
7466,1
7467,1
7468,1
7469,1
7470,1
7471,1
7472,1
7473,1
7474,1
7475,1
7476,1
7477,1
7478,1
7479,1
7480,1
7481,1
7482,1
7483,1
7484,1
7485,1
7486,1
7487,1
7488,1
7492,1
7493,1
7494,1
7495,1
7496,1
7497,1
7498,1
7499,1
7500,1
7501,1
7502,1
7503,1
7504,1
7505,1
7506,1
7507,1
7508,1
7509,1
7510,1
7511,6
7517,5
7527,6
7528,2
7529,2
7530,3
7531,2
7532,1
7535,1
7537,3
7538,1
7539,1
7540,1
7541,1
7542,1
7543,1
7545,1
7546,1
7547,1
7548,1
7549,1
7550,1
7553,1
7557,1
7558,1
7561,2
7562,2
7563,1
7564,1
7565,1
7566,1
7567,1
7568,1
7570,1
7571,1
7572,1
7573,1
7574,1
7575,1
7576,2
7577,2
7578,2
7582,1
7583,1
7585,1
7586,1
7587,1
7588,1
7589,1
7590,3
7592,2
7593,2
7594,2
7595,3
7596,1
7597,1
7602,1
7603,1
7604,1
7605,1
7606,1
7607,1
7608,1
7609,1
7610,1
7611,1
7612,1
7613,1
7614,1
7615,1
7616,1
7617,1
7618,1
7619,8
7620,5
7622,1
7623,1
7625,7
7626,1
7628,1
7629,1
7630,1
7631,1
7632,1
7633,1
7634,1
7635,1
7636,1
7637,1
7638,1
7639,1
7640,1
7641,3
7642,1
7643,1
7644,1
7645,1
7646,1
7647,1
7648,10
7649,3
7653,2
7654,3
7656,1
7657,1
7658,1
7659,2
7660,1
7661,1
7663,1
7664,1
7665,1
7666,1
7667,1
7668,1
7669,1
7670,1
7671,1
7672,1
7673,1
7674,1
7675,2
7691,1
7692,1
7693,1
7694,1
7695,1
7698,2
7699,1
7700,1
7704,10
7705,1
7706,1
7707,1
7708,1
7709,1
7710,1
7717,4
7718,3
7719,2
7720,1
7721,1
7722,1
7723,1
7724,1
7725,1
7726,1
7732,1
7735,5
7736,3
7743,7
7750,6
7761,1
7762,1
7763,1
7764,1
7765,1
7767,2
7771,1
7772,1
7773,1
7774,1
7775,1
7776,1
7777,1
7778,1
7780,10
7782,3
7783,1
7784,1
7785,1
7786,1
7787,1
7788,1
7789,1
7790,1
7791,1
7792,1
7793,1
7794,1
7795,1
7796,1
7797,1
7798,1
7799,1
7800,1
7801,1
7833,8
7835,1
7836,1
7837,1
7838,1
7840,1
7841,1
7842,1
7843,1
7844,7
7845,7
7846,6
7848,8
7878,9
7879,7
7880,5
7886,1
7887,1
7888,1
7889,1
7890,1
7891,1
7892,1
7893,1
7894,1
7895,1
7896,1
7897,1
7898,1
7899,1
7900,5
7901,3
7902,1
7903,6
7904,17
7906,6
7907,1
7908,1
7909,1
7910,1
7911,1
7912,1
7913,1
7914,1
7915,1
7916,1
7917,1
7918,1
7919,1
7920,1
7921,1
7922,1
7923,1
7924,1
7925,1
7926,1
7927,1
7928,1
7929,1
7930,1
7931,1
7932,1
7933,1
7934,1
7935,1
7936,1
7937,1
7939,1
7940,1
7941,1
7942,1
7943,1
7944,1
7945,1
7946,1
7947,1
7948,1
7949,1
7950,1
7951,1
7952,1
7953,1
7954,1
7956,2
7957,2
7958,1
7959,3
7960,2
7961,3
7962,1
7963,1
7964,1
7965,1
7966,1
7967,1
7968,1
7969,1
7970,1
7971,1
7972,1
7974,1
7975,1
7978,1
7979,1
7980,1
7985,1
7986,1
7987,1
7988,1
7989,1
7990,1
7991,1
7996,1
7997,1
7998,6
7999,4
8001,1
8002,1
8003,1
8004,1
8005,1
8006,1
8007,1
8008,1
8009,1
8010,1
8011,1
8012,1
8013,1
8014,1
8015,1
8016,1
8017,1
8018,1
8019,1
8020,1
8021,1
8022,5
8023,1
8024,1
8025,1
8026,1
8027,1
8028,1
8029,1
8030,1
8031,1
8032,1
8033,1
8034,1
8035,1
8036,1
8037,1
8038,1
8039,1
8040,1
8041,1
8042,1
8043,1
8044,1
8045,1
8046,3
8047,1
8048,3
8050,4
8051,4
8052,4
8053,4
8055,3
8056,1
8057,3
8058,3
8059,2
8060,1
8061,1
8062,1
8063,1
8064,1
8065,1
8066,1
8067,1
8068,1
8069,1
8070,1
8071,3
8072,3
8073,1
8074,4
8075,1
8076,1
8077,1
8078,1
8096,1
8097,17
8098,2
8100,2
8101,2
8102,1
8104,1
8105,1
8108,2
8109,2
8110,1
8111,1
8112,1
8113,5
8114,4
8115,4
8116,4
8117,4
8118,1
8119,1
8120,1
8121,1
8122,1
8123,1
8124,1
8125,1
8126,1
8127,1
8128,1
8129,1
8130,1
8131,1
8132,1
8133,1
8134,1
8135,1
8136,1
8147,1
8148,1
8149,1
8150,1
8156,1
8157,1
8158,2
8160,1
8161,1
8162,1
8163,1
8164,1
8165,1
8166,3
8167,4
8168,3
8169,2
8170,5
8176,1
8177,1
8178,1
8179,1
8180,1
8181,1
8182,1
8183,1
8184,3
8185,3
8186,2
8187,4
8189,3
8190,3
8191,3
8192,3
8193,1
8194,1
8195,1
8196,1
8197,1
8198,1
8199,1
8200,1
8201,1
8202,1
8203,1
8204,1
8205,3
8206,7
8207,7
8209,1
8210,1
8214,1
8215,1
8216,1
8217,4
8218,3
8219,2
8236,1
8237,1
8265,1
8266,1
8267,1
8271,1
8272,1
8273,1
8274,1
8275,4
8276,3
8277,11
8278,5
8279,1
8280,2
8281,8
8282,2
8283,2
8284,2
8285,1
8288,8
8289,6
8290,5
8291,1
8292,1
8293,1
8294,1
8295,1
8296,1
8297,1
8298,1
8299,1
8300,1
8301,1
8302,1
8303,1
8304,1
8305,1
8306,1
8307,1
8308,1
8309,1
8310,1
8311,1
8312,1
8313,1
8314,1
8317,5
8318,1
8319,1
8320,1
8321,3
8322,3
8323,3
8324,3
8325,2
8326,3
8330,4
8331,4
8332,4
8333,5
8334,1
8335,1
8336,1
8337,1
8338,4
8340,2
8341,2
8342,1
8343,1
8344,1
8345,1
8346,1
8347,1
8348,1
8349,1
8350,1
8351,1
8352,1
8353,1
8354,1
8355,1
8356,1
8357,1
8358,1
8359,1
8360,1
8361,1
8362,1
8363,1
8364,1
8365,1
8366,1
8367,1
8370,1
8371,1
8372,1
8373,1
8374,1
8375,1
8376,1
8377,1
8378,1
8379,1
8380,1
8381,1
8382,1
8383,1
8384,1
8389,1
8390,1
8391,1
8392,1
8393,1
8394,1
8395,1
8396,1
8397,4
8401,7
8402,1
8403,1
8404,1
8405,1
8406,1
8407,1
8408,1
8409,1
8410,1
8411,1
8412,1
8413,1
8414,1
8415,1
8416,1
8417,1
8418,1
8419,1
8421,2
8425,1
8426,1
8427,1
8428,1
8429,1
8430,1
8431,1
8432,1
8433,1
8434,1
8435,1
8436,1
8437,1
8438,2
8439,2
8440,2
8441,5
8443,1
8444,1
8445,1
8446,1
8447,1
8448,1
8449,1
8450,1
8451,1
8452,1
8453,1
8462,3
8463,3
8464,1
8465,3
8466,1
8467,1
8468,1
8469,1
8470,1
8471,1
8472,1
8473,1
8474,1
8475,1
8476,1
8477,1
8478,1
8479,1
8480,1
8481,1
8482,1
8483,1
8485,3
8486,3
8487,3
8491,1
8492,1
8493,1
8494,5
8495,2
8496,2
8514,3
8515,9
8516,4
8517,1
8518,1
8519,1
8520,1
8521,1
8522,1
8523,1
8524,1
8525,1
8526,1
8527,1
8528,1
8529,1
8533,1
8534,1
8535,1
8536,1
8537,1
8538,1
8539,1
8540,1
8541,1
8542,1
8543,1
8544,1
8545,1
8546,1
8549,1
8550,1
8551,1
8552,1
8553,1
8554,1
8555,1
8556,1
8557,1
8558,1
8559,1
8560,1
8564,1
8565,6
8566,3
8568,1
8569,1
8570,1
8571,1
8572,4
8573,2
8574,1
8575,1
8576,1
8577,1
8578,1
8579,1
8580,1
8581,1
8582,1
8583,1
8584,1
8585,1
8586,1
8587,12
8588,12
8591,1
8592,1
8593,1
8594,1
8595,3
8596,1
8597,1
8598,1
8599,1
8600,1
8601,1
8602,1
8603,1
8604,1
8605,1
8606,1
8607,1
8608,7
8609,13
8610,5
8611,7
8612,9
8613,3
8614,3
8615,11
8616,11
8617,7
8618,1
8619,6
8620,7
8621,2
8622,1
8623,1
8624,1
8625,1
8626,1
8627,1
8628,1
8629,1
8630,1
8631,1
8632,1
8633,1
8634,1
8635,1
8636,1
8637,1
8638,1
8639,1
8640,1
8641,1
8642,1
8643,1
8644,1
8645,6
8646,5
8647,1
8648,3
8649,3
8650,4
8659,2
8660,3
8661,3
8662,3
8663,1
8664,1
8665,1
8666,1
8667,1
8668,1
8669,1
8670,1
8671,1
8672,1
8673,3
8674,3
8675,1
8676,1
8677,1
8678,1
8679,1
8680,1
8681,1
8682,4
8683,1
8684,1
8685,1
8686,1
8687,3
8688,2
8689,1
8690,1
8691,1
8692,1
8693,1
8694,1
8695,1
8696,1
8697,1
8701,3
8702,3
8703,9
8704,4
8705,1
8706,1
8707,1
8708,1
8709,5
8710,5
8711,1
8712,1
8713,1
8714,1
8715,1
8716,5
8717,3
8719,9
8720,11
8721,11
8722,7
8723,13
8724,5
8725,9
8726,12
8727,7
8729,1
8730,1
8731,1
8732,1
8733,1
8734,2
8735,1
8736,1
8737,1
8738,1
8739,1
8740,1
8741,1
8742,1
8744,1
8766,1
8767,1
8768,1
8769,5
8770,1
8771,1
8773,1
8774,1
8775,4
8776,1
8777,1
8778,1
8779,1
8780,1
8781,1
8782,1
8783,1
8784,1
8785,1
8786,3
8795,1
8796,1
8797,1
8798,1
8799,1
8800,3
8801,1
8802,3
8803,1
8804,1
8805,1
8806,1
8807,1
8809,12
8810,1
8811,1
8812,1
8814,1
8815,1
8816,1
8817,1
8818,3
8819,3
8820,3
8821,4
8823,4
8824,4
8825,3
8828,1
8829,1
8832,1
8833,1
8834,7
8835,1
8836,3
8837,3
8838,2
8839,3
8840,1
8841,1
8842,1
8843,1
8844,1
8845,5
8846,3
8847,2
8848,1
8857,5
8858,6
8859,7
8860,3
8861,5
8862,6
8863,3
8864,4
8865,2
8866,4
8867,5
8868,5
8869,1
8870,1
8871,7
8872,6
8873,5
8874,4
8875,6
8876,7
8877,1
8878,1
8879,1
8880,1
8881,1
8882,1
8883,1
8884,1
8885,1
8886,1
8887,1
8888,1
8889,1
8890,1
8891,1
8892,1
8893,1
8894,1
8895,1
8896,1
8897,1
8898,1
8899,1
8900,1
8901,1
8902,1
8903,1
8904,1
8907,1
8908,1
8909,1
8912,1
8936,1
8937,1
8938,1
8939,1
8940,1
8941,1
8942,2
8943,6
8944,5
8945,1
8946,3
8947,3
8948,3
8949,4
8950,6
8951,1
8952,1
8953,1
8954,1
8955,1
8956,2
8957,2
8958,2
8959,5
8961,10
8962,1
8963,1
8964,1
8965,1
8966,3
8988,1
8989,1
8990,1
8991,1
8992,1
8993,1
8994,1
8995,1
8996,1
8997,1
8998,1
8999,1
9000,1
9001,1
9002,1
9003,1
9004,1
9005,1
9006,1
9007,1
9008,1
9009,1
9010,1
9011,1
9012,1
9013,1
9014,1
9015,10
9016,1
9017,1
9018,1
9019,1
9020,5
9021,1
9026,3
9027,1
9028,1
9029,1
9030,1
9031,1
9038,1
9039,1
9040,1
9041,1
9042,1
9043,1
9044,1
9045,1
9046,1
9047,1
9048,1
9049,1
9050,1
9051,1
9052,3
9053,3
9054,1
9055,1
9056,1
9057,1
9058,1
9059,1
9060,1
9061,1
9062,3
9063,3
9064,1
9065,1
9066,1
9067,1
9068,1
9069,1
9070,1
9072,4
9073,3
9074,3
9077,3
9078,2
9079,3
9080,3
9081,1
9082,1
9083,1
9084,1
9085,1
9086,1
9087,1
9089,1
9090,1
9091,1
9092,1
9093,1
9094,1
9095,1
9096,1
9097,1
9098,1
9099,1
9100,1
9101,1
9102,1
9103,1
9104,1
9116,1
9117,1
9118,1
9119,1
9120,1
9121,1
9122,1
9123,1
9124,5
9125,4
9126,3
9127,3
9128,1
9129,1
9130,1
9131,1
9132,1
9133,1
9134,1
9135,1
9136,1
9137,1
9138,1
9139,1
9140,1
9141,1
9142,1
9143,1
9144,1
9145,1
9146,1
9147,1
9151,10
9154,1
9155,1
9156,2
9157,4
9158,1
9162,8
9163,6
9164,7
9165,1
9166,1
9167,1
9168,1
9169,1
9170,1
9171,1
9175,1
9176,8
9177,7
9178,7
9179,6
9180,7
9181,1
9182,1
9184,2
9185,2
9186,2
9187,4
9188,1
9189,1
9190,1
9191,1
9192,4
9195,3
9196,3
9197,5
9198,6
9207,1
9208,1
9216,6
9217,4
9218,6
9219,3
9220,5
9222,3
9223,2
9224,1
9225,1
9226,1
9227,5
9228,5
9229,1
9230,1
9231,1
9232,1
9233,1
9234,1
9235,1
9237,1
9238,1
9239,1
9240,1
9241,1
9242,1
9243,1
9244,1
9245,1
9246,1
9247,1
9248,1
9249,8
9250,6
9251,7
9252,4
9253,6
9254,4
9255,4
9256,3
9257,2
9259,7
9260,1
9261,1
9262,1
9263,1
9264,1
9265,1
9266,1
9267,1
9268,1
9269,1
9270,4
9271,1
9272,1
9273,1
9274,1
9275,3
9279,1
9280,1
9281,1
9282,1
9283,1
9284,1
9285,1
9286,1
9287,1
9288,4
9289,8
9290,1
9291,1
9296,5
9297,3
9298,5
9299,3
9300,4
9301,1
9302,2
9303,1
9304,3
9305,2
9306,3
9307,1
9308,5
9309,1
9310,1
9311,1
9312,1
9313,1
9314,1
9315,1
9316,1
9317,1
9318,1
9319,1
9320,2
9321,2
9322,2
9324,1
9325,1
9326,1
9327,1
9328,1
9329,1
9330,1
9331,1
9332,1
9333,1
9334,1
9335,1
9336,1
9337,1
9338,1
9340,1
9341,1
9342,1
9343,1
9344,1
9345,1
9348,3
9350,1
9351,1
9352,1
9353,1
9354,1
9355,1
9361,1
9362,1
9363,1
9364,1
9365,1
9367,3
9368,8
9371,4
9372,6
9373,4
9374,4
9375,1
9376,1
9377,1
9379,2
9380,3
9381,5
9383,4
9385,3
9490,3
9491,5
9492,1
9493,2
9494,3
9495,5
9496,1
9497,2
9498,3
9499,3
9500,3
9501,3
9502,8
9503,5
9504,4
9505,6
9506,5
9507,5
9508,1
9509,1
9510,1
9511,1
9512,2
9513,2
9514,2
9515,2
9516,2
9517,2
9519,4
9521,6
9522,8
9523,6
9524,1
9525,1
9526,1
9527,1
9528,1
9529,1
9530,2
9532,2
9533,3
9534,1
9535,1
9537,1
9538,1
9539,1
9545,1
9546,8
9547,9
9548,7
9549,8
9550,1
9551,9
9552,6
9553,3
9554,4
9555,1
9558,1
9559,1
9560,1
9561,1
9562,1
9563,1
9564,1
9565,1
9566,1
9567,1
9568,1
9569,1
9570,1
9571,1
9572,1
9573,1
9574,1
9575,1
9576,1
9577,1
9578,1
9579,1
9580,1
9581,1
9582,1
9583,1
9584,1
9585,1
9586,1
9587,1
9588,1
9589,1
9590,2
9591,1
9592,3
9593,2
9594,3
9595,4
9596,10
9597,3
9598,9
9599,8
9600,9
9603,1
9604,1
9605,1
9606,1
9607,2
9608,4
9611,1
9612,1
9613,3
9614,3
9615,1
9621,6
9622,4
9623,1
9626,1
9628,1
9629,1
9630,1
9631,3
9638,2
9661,1
9662,1
9663,1
9664,1
9665,1
9666,1
9670,1
9671,1
9674,1
9675,1
9676,9
9677,1
9678,1
9679,1
9680,1
9681,1
9682,3
9687,1
9688,1
9689,1
9690,1
9691,1
9695,1
9696,2
9698,2
9699,2
9700,2
9701,2
9702,2
9703,2
9704,5
9709,1
9710,1
9711,1
9712,1
9713,1
9714,1
9715,7
9716,6
9717,3
9718,1
9719,1
9720,1
9721,1
9722,1
9723,1
9724,1
9725,1
9726,1
9727,1
9728,1
9729,1
9730,1
9731,1
9732,1
9733,1
9734,1
9735,1
9736,1
9737,1
9738,1
9739,1
9740,1
9741,1
9742,1
9743,1
9744,1
9745,1
9746,1
9747,1
9748,1
9749,1
9750,1
9751,1
9752,1
9753,1
9754,1
9755,1
9756,1
9757,1
9758,1
9759,1
9760,1
9761,1
9762,1
9763,1
9764,1
9765,1
9766,1
9767,1
9768,1
9769,1
9770,1
9771,1
9772,1
9773,1
9774,1
9775,1
9776,1
9777,1
9778,1
9779,1
9780,1
9781,1
9782,1
9783,1
9784,1
9785,1
9786,1
9787,1
9788,1
9789,1
9790,1
9791,1
9792,1
9793,1
9794,1
9795,1
9796,1
9797,1
9798,1
9799,1
9800,1
9801,1
9802,1
9803,1
9804,1
9805,1
9806,1
9807,1
9808,3
9809,1
9810,7
9811,1
9812,1
9813,1
9814,5
9816,1
9818,1
9819,1
9820,1
9821,1
9822,1
9823,1
9824,1
9825,1
9826,1
9827,1
9830,6
9831,3
9832,4
9838,1
9839,1
9840,1
9841,1
9842,1
9843,1
9844,1
9846,1
9847,1
9855,1
9858,1
9860,1
9861,6
9862,1
9863,1
9864,1
9865,1
9866,1
9867,1
9868,1
9869,1
9870,1
9871,1
9872,1
9873,1
9874,1
9875,1
9876,1
9877,1
9878,1
9879,1
9880,1
9882,1
9883,1
9884,1
9886,1
9887,1
9888,1
9889,3
9890,2
9891,2
9892,3
9893,2
9894,4
9895,1
9896,1
9897,3
9898,1
9899,1
9900,1
9901,1
9902,1
9903,1
9904,1
9905,1
9906,1
9907,1
9908,1
9922,3
9923,3
9927,3
9928,3
9929,3
9930,1
9931,1
9932,1
9933,1
9934,1
9935,1
9936,1
9937,1
9938,1
9939,2
9940,6
9941,4
9942,1
9943,1
9944,1
9945,1
9946,2
9947,1
9948,1
9949,1
9950,1
9951,1
9952,1
9953,1
9954,1
9955,1
9956,1
9957,1
9958,1
9959,1
9960,1
9961,1
9962,1
9963,1
9964,1
9965,1
9966,1
9967,1
9968,1
9969,1
9970,1
9971,1
9972,1
9973,1
9974,1
9975,1
9976,1
9977,1
9978,1
9979,2
9980,4
9981,3
9982,2
9983,1
9984,3
9988,1
9989,3
9996,1
9999,1
10000,1
10001,1
10002,1
10003,1
10016,1
10017,1
10019,1
10021,1
10022,1
10023,1
10024,1
10025,1
10026,1
10027,1
10028,1
10029,1
10030,1
10031,1
10032,1
10033,3
10034,3
10035,3
10037,3
10038,1
10039,1
10040,1
10041,1
10044,1
10045,2
10046,3
10047,2
10048,3
10049,3
10050,1
10051,1
10052,1
10055,1
10056,1
10057,1
10058,5
10059,4
10060,1
10061,1
10062,1
10063,1
10065,2
10066,1
10067,1
10068,1
10069,1
10070,1
10071,1
10072,1
10073,1
10074,1
10075,1
10076,1
10077,1
10078,1
10079,1
10080,1
10081,1
10082,1
10083,1
10084,1
10085,1
10086,1
10087,1
10088,1
10089,1
10093,1
10094,1
10095,1
10096,1
10097,1
10098,3
10099,9
10100,1
10101,1
10102,1
10104,8
10105,2
10106,1
10107,1
10108,1
10109,1
10110,1
10111,1
10112,1
10113,1
10114,1
10115,1
10116,1
10117,1
10118,1
10119,1
10120,1
10121,1
10122,1
10125,1
10126,9
10127,1
10128,1
10129,1
10130,6
10131,7
10132,12
10140,3
10141,1
10142,1
10143,1
10144,1
10145,1
10146,1
10147,1
10148,1
10149,1
10150,1
10151,1
10152,1
10153,1
10154,3
10155,3
10156,3
10157,1
10166,1
10167,1
10168,1
10169,1
10170,1
10171,1
10172,1
10173,1
10174,1
10175,1
10176,1
10177,1
10178,1
10179,1
10183,5
10184,4
10185,4
10186,1
10187,1
10188,1
10189,1
10196,1
10197,1
10198,1
10199,1
10203,1
10204,1
10205,1
10206,1
10207,1
10208,1
10209,1
10210,1
10211,1
10212,1
10213,5
10214,4
10215,1
10216,1
10218,1
10219,1
10220,1
10221,1
10222,1
10226,1
10227,1
10228,1
10229,1
10230,1
10231,1
10232,1
10233,1
10234,1
10235,1
10236,1
10237,1
10238,1
10239,1
10240,1
10241,1
10245,3
10246,3
10247,1
10248,7
10249,13
10250,5
10251,7
10252,9
10253,3
10254,3
10255,11
10256,11
10257,7
10258,4
10259,4
10260,4
10261,3
10262,1
10263,1
10264,2
10265,7
10266,1
10267,1
10268,1
10269,3
10270,1
10271,1
10272,1
10273,1
10274,1
10275,1
10276,1
10277,7
10278,1
10279,1
10280,1
10281,1
10282,1
10283,1
10284,1
10285,1
10286,1
10287,1
10293,1
10294,1
10295,1
10296,1
10297,1
10298,1
10299,1
10300,1
10301,1
10302,1
10303,1
10304,1
10305,1
10306,1
10309,1
10310,1
10312,4
10313,12
10314,4
10315,4
10316,4
10317,4
10318,1
10325,8
10326,3
10328,2
10329,2
10330,2
10331,3
10332,3
10333,3
10334,1
10335,1
10336,1
10337,1
10338,1
10339,1
10340,1
10341,1
10342,1
10343,1
10344,1
10345,1
10346,1
10347,1
10350,10
10351,4
10352,3
10353,3
10354,1
10355,1
10356,1
10357,1
10358,1
10359,1
10360,1
10361,1
10362,1
10363,1
10364,1
10365,1
10366,1
10367,1
10369,1
10370,1
10371,1
10372,1
10373,3
10374,1
10375,1
10376,1
10377,1
10378,1
10379,1
10380,1
10381,1
10382,1
10383,1
10384,1
10385,1
10386,5
10387,8
10388,1
10389,1
10390,1
10391,1
10392,1
10393,1
10394,1
10398,1
10399,1
10400,1
10401,1
10402,1
10404,2
10405,5
10406,1
10410,2
10411,1
10412,7
10413,1
10414,1
10415,7
10416,1
10417,1
10419,2
10420,4
10421,2
10422,3
10423,6
10424,6
10425,1
10426,1
10427,4
10428,3
10429,2
10434,4
10438,1
10439,1
10440,1
10441,1
10442,1
10443,1
10444,1
10445,6
10446,7
10453,3
10454,1
10456,1
10458,1
10459,1
10460,1
10471,4
10472,4
10473,4
10474,4
10480,4
10481,1
10482,3
10483,1
10484,1
10485,1
10486,1
10491,1
10495,1
10496,1
10497,1
10500,2
10501,2
10502,3
10509,7
10510,2
10511,2
10512,2
10513,2
10514,1
10529,1
10530,1
10531,1
10532,1
10533,1
10534,1
10537,1
10541,1
10545,1
10546,10
10547,5
10548,5
10549,1
10550,1
10551,1
10552,1
10553,1
10554,1
10555,1
10556,1
10557,1
10558,1
10559,1
10560,1
10561,1
10562,1
10563,1
10564,1
10565,1
10566,1
10567,1
10577,3
10578,2
10579,3
10580,3
10581,1
10582,1
10583,1
10584,1
10585,1
10586,1
10587,1
10588,5
10589,3
10590,1
10591,6
10592,1
10597,1
10599,1
10600,1
10602,3
10603,3
10604,3
10605,3
10606,3
10607,3
10609,1
10610,1
10611,1
10612,1
10613,1
10614,3
10615,3
10616,3
10617,1
10618,3
10619,1
10620,3
10624,1
10625,1
10626,1
10627,1
10628,1
10629,1
10630,1
10631,1
10632,1
10633,1
10634,1
10635,3
10636,3
10638,1
10639,3
10640,2
10642,1
10643,1
10645,1
10649,1
10650,1
10651,1
10652,1
10653,1
10654,1
10655,1
10656,1
10657,3
10663,10
10666,1
10667,1
10668,1
10669,1
10670,1
10671,1
10672,1
10673,1
10674,1
10675,1
10676,1
10677,1
10678,1
10679,1
10681,6
10682,1
10683,1
10684,1
10685,1
10686,1
10687,1
10688,1
10689,1
10690,7
10691,1
10692,1
10693,1
10694,1
10695,1
10696,3
10699,2
10700,1
10701,5
10702,2
10703,2
10704,4
10705,2
10706,1
10707,1
10708,1
10709,1
10710,1
10711,1
10714,3
10715,2
10720,1
10721,1
10722,1
10723,4
10724,4
10725,1
10726,1
10727,1
10728,1
10729,2
10730,3
10733,1
10734,1
10735,1
10736,1
10737,1
10738,1
10739,1
10740,1
10741,1
10742,4
10743,7
10747,1
10752,5
10753,3
10754,1
10755,1
10757,1
10758,12
10759,4
10808,3
10809,3
10810,3
10811,3
10815,5
10816,4
10817,3
10818,3
10819,3
10822,3
10825,4
10827,2
10828,10
10829,3
10833,2
10839,1
10840,1
10841,1
10842,1
10843,1
10844,1
10845,1
10846,1
10847,1
10848,1
10849,1
10850,1
10851,1
10852,1
10853,1
10854,1
10855,1
10856,1
10857,1
10858,1
10859,1
10860,1
10861,1
10862,1
10863,1
10864,1
10865,1
10866,3
10867,8
10868,6
10869,7
10870,6
10871,1
10872,3
10873,6
10875,1
10882,1
10883,1
10884,1
10885,1
10886,1
10889,2
10890,2
10891,2
10892,2
10893,1
10894,2
10895,1
10897,2
10898,2
10899,2
10900,2
10901,2
10902,2
10903,2
10904,1
10906,2
10911,5
10912,9
10913,3
10914,5
10915,1
10916,1
10917,1
10919,2
10921,8
10922,1
10923,1
10924,1
10925,1
10926,1
10927,1
10928,1
10929,1
10930,1
10934,3
10935,16
10936,1
10937,1
10938,1
10939,1
10940,1
10941,1
10942,1
10943,1
10944,1
10945,1
10946,1
10947,1
10948,1
10949,1
10950,1
10951,1
10952,1
10953,1
10954,1
10955,1
10956,1
10957,1
10958,1
10959,1
10960,4
10963,1
10965,3
10966,2
10968,5
10976,1
10977,1
10978,1
10979,1
10980,1
11006,2
11010,1
11011,7
11012,14
11013,5
11014,7
11015,9
11016,3
11017,3
11018,15
11019,12
11020,7
11021,7
11022,5
11023,3
11024,5
11025,5
11026,5
11027,5
11028,6
11029,5
11030,6
11031,5
11032,4
11033,3
11034,4
11035,3
11036,2
11061,3
11062,3
11065,1
11066,1
11067,1
11068,1
11076,2
11077,4
11078,4
11080,2
11081,7
11082,1
11084,1
11087,2
11089,5
11090,1
11091,1
11092,1
11093,1
11094,1
11096,1
11100,3
11101,1
11102,1
11103,4
11107,1
11112,3
11113,1
11114,1
11115,1
11116,5
11117,1
11118,1
11119,1
11121,1
11129,4
11130,3
11131,1
11134,3
11136,1
11138,3
11139,1
11140,1
11141,1
11142,1
11143,3
11144,3
11145,3
11146,7
11147,4
11148,5
11149,5
11158,1
11159,1
11160,1
11163,3
11164,4
11165,1
11166,1
11167,1
11168,1
11169,1
11170,1
11171,1
11172,1
11173,1
11174,1
11175,1
11176,3
11177,2
11180,3
11181,1
11182,1
11183,5
11184,5
11185,5
11186,1
11188,3
11189,3
11190,1
11191,1
11192,1
11193,1
11194,1
11195,1
11196,1
11197,1
11198,1
11199,1
11200,1
11201,1
11202,1
11203,1
11204,1
11205,1
11206,1
11207,1
11208,1
11209,1
11210,1
11211,1
11212,1
11213,1
11214,1
11215,1
11216,1
11218,1
11219,1
11220,1
11222,1
11223,1
11224,1
11226,1
11227,1
11228,1
11229,1
11230,2
11231,3
11232,3
11233,3
11234,3
11235,3
11236,1
11237,1
11238,1
11239,1
11241,2
11242,2
11243,11
11244,11
11246,5
11247,2
11248,2
11249,2
11250,2
11251,2
11252,2
11253,6
11254,6
11260,2
11261,2
11262,2
11263,2
11264,6
11267,2
11270,2
11271,2
11272,2
11273,2
11275,4
11276,5
11277,2
11282,5
11283,4
11284,4
11285,5
11286,1
11287,1
11288,1
11289,3
11290,3
11291,3
11292,3
11293,3
11294,3
11299,1
11300,1
11301,1
11302,3
11303,6
11304,9
11305,1
11306,1
11307,1
11308,1
11309,1
11310,1
11311,1
11312,1
11313,1
11314,1
11315,1
11316,1
11317,1
11318,1
11319,1
11320,1
11321,1
11322,1
11323,1
11324,5
11325,6
11328,5
11331,5
11332,5
11333,2
11334,2
11335,2
11336,2
11337,3
11338,3
11339,1
11340,1
11341,1
11342,1
11343,1
11344,1
11345,4
11346,3
11347,2
11348,5
11349,1
11351,6
11352,6
11353,6
11355,9
11356,8
11357,6
11358,6
11359,5
11360,5
11361,5
11362,5
11363,5
11364,5
11365,5
11366,5
11367,4
11368,5
11369,5
11370,5
11371,9
11372,9
11373,9
11374,7
11375,14
11376,5
11377,7
11378,9
11379,3
11380,3
11381,15
11382,12
11383,7
11384,7
11385,5
11386,3
11387,5
11388,5
11389,5
11390,5
11391,6
11392,5
11393,6
11394,5
11395,4
11396,3
11397,4
11398,3
11399,6
11400,3
11401,3
11402,4
11403,1
11405,1
11406,1
11407,1
11408,1
11409,1
11410,1
11411,1
11412,1
11413,1
11414,1
11415,1
11416,1
11417,1
11418,1
11419,1
11420,1
11421,1
11422,1
11423,1
11424,1
11425,1
11426,1
11427,1
11428,1
11429,1
11431,4
11432,4
11433,3
11434,1
11435,1
11436,1
11437,1
11438,1
11439,1
11440,1
11441,1
11442,1
11443,1
11444,1
11445,1
11446,1
11447,1
11448,1
11449,1
11450,1
11452,4
11453,4
11454,3
11455,3
11456,3
11457,3
11458,3
11459,3
11460,3
11461,3
11462,2
11463,5
11464,3
11465,9
11466,3
11467,2
11468,3
11469,5
11470,4
11471,3
11472,3
11473,3
11474,5
11475,5
11476,5
11480,2
11481,2
11482,2
11483,5
11484,6
11485,1
11486,1
11487,1
11488,1
11489,6
11490,1
11491,1
11492,1
11493,1
11494,1
11495,1
11496,1
11497,1
11498,4
11499,3
11501,6
11502,2
11503,2
11504,5
11505,9
11506,1
11507,1
11508,1
11509,1
11510,1
11511,1
11512,1
11513,1
11514,1
11515,1
11516,1
11517,1
11521,1
11522,1
11523,1
11524,1
11525,1
11526,1
11527,1
11528,1
11529,1
11530,1
11531,1
11532,1
11533,7
11534,7
11535,8
11536,1
11537,1
11538,1
11539,1
11540,1
11541,2
11542,2
11543,3
11544,2
11545,5
11546,9
11547,3
11548,3
11549,3
11550,1
11551,1
11552,1
11553,1
11554,1
11555,1
11556,1
11557,1
11558,1
11559,1
11560,1
11561,1
11562,2
11563,2
11564,2
11565,5
11566,2
11567,2
11568,2
11569,5
11570,6
11571,5
11572,5
11573,1
11574,1
11575,1
11576,1
11577,1
11578,1
11579,3
11580,4
11581,5
11582,2
11583,2
11584,2
11585,2
11586,1
11587,1
11588,1
11589,1
11590,1
11591,1
11592,1
11593,2
11594,2
11595,1
11596,1
11597,1
11598,1
11599,1
11600,1
11601,1
11602,2
11603,1
11604,1
11605,2
11606,1
11607,1
11608,1
11609,1
11610,1
11611,1
11612,1
11613,1
11614,1
11615,1
11616,1
11617,1
11618,1
11619,1
11620,1
11621,1
11622,1
11624,6
11625,7
11626,7
11628,2
11629,4
11630,1
11631,1
11632,1
11633,1
11634,1
11635,1
11636,1
11637,1
11638,1
11639,4
11640,4
11641,6
11642,3
11643,4
11644,6
11645,3
11646,2
11647,4
11648,3
11649,3
11650,3
11651,1
11652,1
11653,2
11654,1
11676,5
11681,3
11682,1
11683,1
11684,1
11686,1
11687,1
11688,1
11689,4
11690,2
11691,1
11692,1
11694,1
11698,2
11701,1
11703,1
11713,2
11714,4
11715,5
11716,1
11717,1
11718,1
11719,3
11720,2
11721,3
11722,3
11723,1
11724,1
11725,1
11726,1
11727,1
11728,1
11729,1
11730,1
11731,1
11732,1
11734,1
11735,1
11736,1
11737,1
11738,1
11739,1
11740,1
11741,1
11742,1
11743,1
11744,1
11745,1
11746,1
11747,1
11748,1
11749,1
11750,1
11751,1
11752,1
11753,1
11754,1
11755,1
11756,1
11757,1
11758,1
11759,1
11760,1
11761,1
11762,1
11763,1
11764,1
11765,1
11766,1
11767,1
11768,1
11799,1
11800,1
11801,1
11802,1
11803,1
11804,1
11805,1
11807,1
11808,1
11809,1
11810,1
11811,1
11812,1
11813,1
11814,1
11815,1
11816,1
11817,2
11818,2
11819,2
11820,2
11821,2
11822,5
11823,2
11824,2
11825,2
11826,5
11827,2
11828,2
11829,2
11830,5
11831,2
11832,2
11833,2
11834,5
11835,2
11836,2
11837,5
11838,2
11839,2
11840,2
11841,5
11842,1
11843,1
11844,1
11845,1
11846,1
11847,1
11848,1
11849,1
11850,1
11851,1
11852,1
11853,1
11854,1
11855,1
11856,2
11857,5
11858,2
11859,2
11860,8
11861,2
11862,2
11863,5
11864,1
11865,1
11885,1
11886,1
11887,1
11888,1
11889,1
11890,1
11891,7
11892,1
11893,1
11894,1
11895,1
11896,1
11897,1
11898,1
11899,1
11900,1
11901,1
11902,1
11903,1
11904,1
11905,1
11906,1
11907,1
11908,1
11909,1
11910,3
11911,5
11912,5
11914,1
11915,1
11916,1
11917,1
11918,2
11919,3
11920,2
11921,1
11925,3
11926,1
11927,3
11928,4
11929,7
11930,2
11931,5
11932,12
11933,3
11934,4
11935,4
11936,2
11937,2
11939,1
11940,1
11941,1
11942,1
11943,1
11944,1
11945,1
11946,1
11947,1
11948,1
11949,1
11950,1
11951,1
11952,1
11953,1
11954,1
11955,1
11956,1
11957,1
11958,1
11959,1
11960,1
11961,1
11962,5
11963,3
11964,3
11965,7
11966,4
11967,4
11968,4
11969,5
11970,1
11971,1
11972,1
11973,1
11974,1
11975,1
11976,3
11977,1
11978,1
11979,1
11980,1
11981,1
11982,1
11983,1
11984,1
11985,1
11986,1
11987,1
11988,1
11989,1
11990,1
11991,1
11992,1
11993,1
11994,1
11995,1
11996,1
11997,1
11998,1
11999,1
12000,1
12001,2
12002,2
12003,5
12026,2
12027,2
12028,1
12029,1
12030,1
12031,1
12032,1
12033,1
12034,1
12035,5
12036,1
12037,1
12038,1
12039,1
12040,1
12041,7
12042,5
12043,5
12044,6
12045,4
12046,1
12047,1
12048,3
12050,2
12051,2
12052,2
12053,2
12054,1
12055,1
12056,1
12057,1
12058,1
12060,4
12061,1
12062,1
12063,1
12064,1
12065,1
12066,1
12067,5
12068,4
12069,5
12070,4
12071,3
12072,10
12073,1
12074,1
12075,3
12076,1
12077,1
12078,1
12079,1
12081,3
12082,3
12083,1
12084,1
12085,1
12086,1
12087,1
12089,8
12090,1
12091,1
12092,2
12093,1
12094,1
12095,2
12096,1
12097,1
12098,3
12099,3
12100,2
12101,1
12102,3
12103,2
12104,3
12105,4
12106,8
12109,12
12110,12
12111,12
12112,6
12113,7
12114,7
12115,7
12116,7
12117,5
12118,6
12119,3
12120,1
12121,1
12122,1
12123,8
12124,8
12126,5
12127,12
12128,12
12129,12
12130,6
12131,7
12132,7
12133,7
12134,7
12135,5
12136,6
12137,3
12138,5
12139,5
12140,5
12141,5
12142,3
12143,3
12144,5
12145,3
12146,3
12147,2
12148,2
12149,2
12150,5
12151,3
12152,2
12153,10
12154,1
12155,2
12156,3
12157,1
12158,2
12159,3
12160,1
12161,1
12162,1
12163,1
12164,1
12165,1
12166,1
12167,3
12168,1
12169,4
12170,4
12171,1
12172,2
12173,2
12174,2
12175,5
12176,1
12177,1
12178,1
12179,1
12180,1
12181,1
12182,1
12183,10
12184,5
12185,5
12186,5
12187,5
12188,5
12189,5
12190,5
12191,5
12192,5
12193,5
12194,4
12195,5
12196,5
12197,5
12198,9
12199,9
12200,9
12201,4
12202,7
12203,5
12204,7
12205,9
12206,3
12207,3
12208,11
12209,11
12210,7
12211,1
12212,1
12213,1
12214,1
12215,6
12217,1
12218,1
12219,1
12220,3
12221,3
12222,3
12223,3
12224,3
12225,3
12226,3
12227,3
12232,1
12233,1
12234,1
12235,1
12243,1
12244,1
12245,1
12246,1
12247,1
12248,7
12249,5
12250,2
12251,5
12252,3
12253,3
12255,4
12256,1
12257,1
12258,1
12259,1
12260,1
12261,1
12262,1
12263,1
12264,1
12265,1
12266,1
12267,1
12268,1
12269,1
12270,1
12271,1
12272,1
12273,1
12274,1
12275,1
12276,1
12277,1
12278,1
12279,1
12280,1
12281,1
12282,1
12283,1
12284,1
12285,1
12286,1
12287,1
12288,1
12289,1
12290,1
12291,1
12292,1
12293,1
12294,1
12295,1
12296,1
12297,1
12298,1
12299,1
12300,1
12301,1
12302,1
12303,1
12304,1
12305,1
12306,10
12307,3
12308,1
12309,1
12310,1
12311,1
12312,1
12317,1
12318,1
12319,1
12320,1
12321,1
12322,1
12323,1
12324,1
12328,5
12329,5
12330,1
12331,5
12334,4
12335,1
12336,1
12337,1
12338,3
12339,3
12340,5
12341,1
12342,1
12343,1
12344,1
12345,1
12346,1
12347,1
12348,1
12349,1
12350,1
12351,1
12352,1
12353,1
12354,1
12355,1
12356,1
12357,1
12358,1
12359,1
12360,1
12361,1
12362,1
12363,1
12364,1
12365,1
12366,1
12367,1
12368,1
12369,1
12370,1
12371,1
12372,1
12373,1
12388,1
12389,1
12390,1
12391,1
12392,1
12393,1
12394,1
12395,1
12396,1
12397,1
12398,1
12399,1
12400,1
12401,1
12402,1
12403,4
12404,4
12405,5
12406,5
12407,5
12408,4
12409,4
12411,4
12412,2
12413,2
12414,1
12415,1
12416,6
12417,4
12418,3
12419,3
12422,10
12423,10
12424,10
12425,1
12426,1
12427,1
12428,1
12429,1
12430,1
12431,1
12432,1
12433,1
12434,1
12435,1
12437,1
12438,1
12440,1
12442,1
12443,1
12444,1
12445,1
12448,1
12449,1
12450,1
12451,1
12452,1
12453,1
12454,1
12455,1
12456,1
12457,5
12458,5
12459,6
12460,2
12461,1
12462,2
12463,1
12471,2
12472,3
12473,3
12474,3
12475,5
12476,4
12478,3
12479,4
12480,1
12481,1
12488,7
12490,6
12493,2
12494,8
12495,1
12496,1
12497,3
12498,1
12499,1
12500,3
12501,4
12502,3
12503,3
12506,1
12507,5
12508,1
12509,1
12510,1
12511,1
12512,1
12515,1
12516,1
12517,1
12518,1
12520,2
12522,1
12523,1
12524,4
12525,4
12527,1
12528,1
12529,1
12530,1
12531,1
12532,2
12533,3
12534,1
12535,1
12536,1
12537,1
12538,1
12539,1
12540,5
12541,5
12542,6
12543,4
12544,2
12545,2
12546,2
12547,1
12548,1
12552,1
12556,1
12559,1
12561,1
12562,1
12563,8
12564,1
12565,1
12566,1
12567,1
12568,9
12569,2
12570,4
12572,1
12573,5
12575,4
12576,3
12578,1
12579,4
12581,4
12582,1
12583,1
12584,1
12585,2
12592,2
12593,2
12594,2
12595,2
12596,5
12597,4
12598,4
12599,4
12613,6
12614,5
12623,3
12632,1
12633,3
12634,4
12635,4
12636,4
12637,4
12638,4
12639,4
12640,4
12641,4
12649,1
12650,1
12651,1
12681,1
12683,1
12684,1
12685,1
12686,1
12687,1
12688,1
12689,1
12690,1
12691,1
12692,1
12693,1
12694,1
12695,1
12696,1
12697,1
12698,1
12699,1
12701,4
12704,4
12705,2
12706,6
12707,3
12708,1
12713,6
12714,4
12715,4
12716,1
12718,13
12719,5
12721,9
12724,11
12725,11
12728,3
12730,2
12738,7
12739,1
12740,4
12741,11
12749,4
12750,1
12751,1
12752,1
12755,7
12756,6
12760,6
12761,7
12762,6
12767,7
12768,1
12769,1
12770,1
12771,6
12772,7
12773,6
12774,4
12776,1
12777,1
12778,1
12779,1
12780,1
12781,1
12783,1
12784,1
12785,1
12786,1
12787,1
12788,1
12789,1
12790,1
12791,1
12792,1
12793,1
12794,1
12797,5
12798,1
12799,1
12800,1
12801,1
12802,4
12803,2
12804,9
12805,3
12806,1
12807,1
12808,2
12809,3
12810,2
12811,3
12812,2
12813,3
12814,5
12815,5
12818,2
12819,3
12820,3
12821,7
12822,7
12823,2
12824,3
12825,4
12826,2
12827,2
12833,1
12834,4
12835,4
12836,12
12837,4
12838,2
12839,2
12840,2
12841,5
12842,1
12843,2
12844,1
12845,1
12846,2
12847,2
12848,2
12849,2
12850,2
12851,1
12852,1
12853,1
12854,1
12855,1
12857,2
12858,2
12859,2
12860,1
12861,1
12862,1
12863,1
12864,1
12865,1
12866,1
12867,1
12868,1
12869,10
12872,1
12873,4
12877,1
12878,1
12879,1
12880,1
12881,1
12884,1
12889,1
12890,1
12920,1
12921,1
12922,1
12923,1
12930,4
12931,2
12932,4
12933,1
12934,6
12935,4
12936,6
12937,5
12938,3
12939,1
12940,1
12941,1
12942,1
12943,1
12944,1
12945,1
12946,1
12947,1
12948,1
12949,1
12950,1
12951,1
12952,1
12953,1
12954,1
12956,1
12957,1
12958,1
12959,1
12960,1
12961,1
12962,1
12963,1
12964,1
12965,1
12966,1
12967,1
12968,1
12969,1
12970,1
12971,1
12973,1
12974,1
12975,1
12977,1
12978,1
12980,1
12982,1
12983,1
12987,2
12988,3
12991,1
12994,1
12995,4
12996,4
12999,4
13006,4
13007,3
13008,4
13009,3
13010,1
13011,1
13012,1
13015,3
13016,4
13017,3
13018,3
13019,1
13020,3
13021,3
13022,3
13023,1
13024,8
13025,5
13026,1
13027,1
13028,1
13029,1
13030,1
13031,7
13032,13
13033,5
13034,7
13035,9
13036,3
13037,3
13038,11
13039,11
13040,7
13041,3
13042,1
13043,1
13044,1
13045,1
13046,1
13047,1
13048,1
13049,1
13050,1
13051,1
13052,1
13053,1
13054,14
13055,5
13056,7
13059,1
13060,1
13061,1
13062,1
13063,1
13064,1
13065,1
13066,1
13067,1
13068,1
13069,1
13070,1
13071,1
13072,1
13073,1
13074,1
13075,1
13076,1
13077,1
13078,1
13079,1
13080,1
13081,1
13082,1
13084,1
13085,1
13086,1
13087,1
13088,1
13089,1
13090,1
13091,1
13092,1
13093,1
13094,1
13095,1
13097,1
13098,1
13099,1
13100,1
13101,1
13102,1
13103,1
13104,1
13105,1
13106,1
13107,1
13108,1
13109,1
13110,1
13111,1
13112,1
13113,1
13114,1
13115,1
13116,1
13117,1
13127,3
13128,1
13141,3
13144,1
13147,1
13148,1
13149,1
13150,1
13151,1
13153,5
13154,1
13155,1
13156,1
13157,1
13158,1
13159,1
13160,1
13166,1
13167,7
13168,1
13169,1
13175,1
13176,1
13177,1
13178,1
13179,8
13180,4
13181,4
13182,12
13183,4
13184,1
13185,1
13186,1
13187,1
13188,1
13189,1
13190,1
13191,1
13192,1
13193,1
13194,1
13195,1
13196,1
13197,1
13198,1
13199,1
13200,1
13201,1
13202,1
13203,1
13204,1
13205,1
13206,1
13207,1
13208,1
13209,1
13210,1
13211,1
13212,1
13213,1
13214,1
13233,1
13234,1
13235,1
13236,1
13237,1
13238,1
13240,1
13241,2
13242,2
13243,2
13244,5
13245,2
13246,2
13247,2
13248,5
13249,2
13250,2
13251,2
13252,5
13253,2
13254,2
13255,2
13256,5
13257,2
13258,2
13259,2
13260,5
13261,2
13262,2
13263,2
13264,5
13265,2
13266,2
13267,2
13268,5
13269,2
13270,2
13271,2
13272,5
13273,2
13274,2
13275,2
13276,5
13277,2
13278,2
13279,2
13280,5
13281,2
13282,2
13283,2
13284,5
13303,1
13304,1
13305,1
13306,1
13307,1
13308,1
13309,1
13310,1
13311,1
13312,1
13314,1
13315,1
13316,1
13317,1
13318,1
13333,1
13334,1
13335,1
13337,1
13338,1
13339,1
13340,1
13358,1
13360,4
13361,4
13362,4
13363,12
13364,4
13365,4
13366,4
13367,4
13368,12
13369,4
13370,3
13372,3
13377,2
13378,4
13379,4
13380,4
13381,12
13382,4
13383,3
13386,2
13387,2
13388,2
13389,1
13390,1
13391,1
13392,1
13393,4
13397,3
13398,3
13399,3
13400,3
13401,2
13402,4
13403,3
13404,1
13405,1
13406,1
13407,1
13408,1
13409,1
13410,1
13411,1
13412,1
13413,1
13414,5
13415,5
13416,1
13417,1
13418,1
13419,1
13420,1
13421,1
13422,1
13423,1
13424,1
13425,1
13426,3
13427,1
13428,1
13429,1
13430,1
13431,1
13432,1
13433,1
13434,1
13435,1
13436,1
13437,1
13438,1
13439,1
13440,1
13441,1
13442,1
13443,1
13444,1
13445,1
13446,1
13447,1
13448,1
13449,1
13450,1
13451,1
13452,1
13453,1
13454,1
13455,5
13456,1
13457,1
13458,1
13460,1
13461,1
13462,1
13463,1
13464,1
13465,1
13466,1
13467,1
13468,1
13469,1
13470,2
13471,2
13472,1
13473,1
13475,2
13476,1
13477,2
13478,2
13479,2
13480,5
13481,6
13482,6
13483,1
13484,1
13485,1
13486,1
13487,1
13488,1
13489,1
13490,1
13492,1
13493,1
13494,1
13495,2
13496,2
13497,2
13498,2
13499,2
13500,4
13501,2
13502,2
13503,2
13504,5
13505,1
13506,1
13507,1
13508,1
13509,1
13510,3
13517,2
13518,1
13519,1
13527,1
13528,2
13529,1
13530,1
13531,1
13535,2
13536,2
13537,2
13538,2
13539,5
13542,1
13543,1
13544,1
13545,1
13546,1
13547,1
13548,1
13549,1
13550,1
13551,1
13552,1
13553,1
13554,1
13555,1
13556,1
13557,1
13558,1
13559,1
13560,1
13561,3
13562,2
13563,1
13564,2
13565,2
13566,2
13567,1
13568,1
13569,1
13570,1
13571,1
13572,1
13573,1
13574,1
13575,1
13576,2
13579,1
13580,1
13581,1
13582,1
13586,4
13587,4
13588,2
13589,1
13590,1
13591,1
13592,1
13593,1
13594,1
13596,3
13597,2
13598,3
13599,3
13602,1
13604,1
13612,10
13613,5
13614,5
13618,1
13619,1
13620,1
13621,1
13622,4
13623,4
13624,2
13625,2
13627,2
13628,2
13630,1
13631,1
13632,1
13633,1
13634,3
13635,2
13636,2
13637,2
13638,1
13639,1
13642,2
13643,1
13644,3
13645,1
13646,1
13647,1
13648,1
13650,3
13652,1
13653,1
13654,1
13655,1
13656,3
13657,3
13658,4
13659,3
13660,3
13661,3
13662,2
13663,3
13664,5
13665,4
13666,1
13667,1
13668,1
13669,4
13670,5
13671,12
13672,6
13673,7
13674,7
13675,12
13676,12
13677,1
13678,6
13681,12
13682,12
13683,12
13684,6
13685,7
13686,7
13687,5
13688,6
13689,3
13690,5
13691,7
13692,6
13693,6
13694,3
13695,3
13696,5
13697,3
13698,3
13699,5
13700,5
13701,5
13702,5
13703,3
13704,2
13707,2
13708,2
13709,2
13710,2
13711,2
13712,1
13713,1
13714,1
13715,1
13717,5
13718,2
13719,2
13721,1
13722,1
13723,1
13725,5
13726,3
13727,1
13728,8
13729,3
13730,3
13731,3
13732,3
13733,3
13734,3
13735,3
13736,3
13737,3
13738,3
13739,3
13740,3
13741,1
13742,1
13743,1
13746,1
13747,1
13748,2
13749,2
13750,2
13751,2
13752,1
13753,1
13754,2
13755,1
13756,2
13757,1
13758,1
13759,1
13760,1
13761,1
13762,1
13763,1
13764,1
13765,1
13766,1
13767,1
13768,1
13769,1
13770,1
13771,1
13772,1
13773,1
13774,1
13775,1
13776,1
13777,1
13778,1
13780,1
13781,1
13783,1
13784,1
13785,6
13786,4
13787,4
13788,12
13789,4
13790,1
13791,1
13792,1
13793,1
13794,8
13795,1
13796,1
13797,1
13798,1
13799,1
13800,1
13801,1
13802,1
13803,1
13804,1
13805,10
13806,6
13807,2
13809,1
13810,4
13811,4
13812,3
13813,3
13814,3
13815,3
13816,3
13817,3
13818,3
13819,2
13820,1
13821,1
13822,1
13823,2
13825,1
13826,1
13827,1
13828,1
13829,1
13830,1
13832,4
13833,4
13834,12
13835,4
13836,4
13839,5
13840,12
13841,4
13842,5
13843,4
13844,1
13846,1
13847,1
13848,1
13849,1
13851,2
13852,3
13853,4
13854,5
13855,6
13856,3
13857,5
13858,2
13859,2
13860,2
13861,1
13862,2
13863,2
13864,1
13865,3
13866,3
13867,3
13868,3
13869,3
13870,6
13871,6
13872,2
13873,2
13874,3
13876,3
13877,3
13878,3
13879,3
13880,3
13881,3
13882,3
13883,3
13884,3
13885,3
13888,2
13889,2
13890,3
13891,2
13892,5
13893,1
13894,1
13895,1
13896,1
13897,1
13898,1
13899,3
13900,3
13901,1
13902,4
13903,3
13904,6
13905,2
13906,18
13907,15
13908,6
13909,1
13910,3
13911,3
13912,3
13913,1
13914,1
13915,1
13916,1
13917,1
13918,1
13919,1
13920,1
13921,1
13922,1
13923,1
13924,1
13925,1
13926,1
13927,1
13928,3
13929,3
13930,3
13931,3
13932,2
13933,2
13934,2
13935,2
13936,2
13937,2
13938,2
13939,2
13940,2
13941,2
13943,3
13944,3
13945,3
13946,3
13947,3
13948,6
13949,3
13950,3
13951,2
13952,5
13954,7
13955,3
13956,3
13957,3
13958,3
13959,3
13960,6
13961,3
13962,3
13963,3
13964,3
13965,3
13966,3
13967,3
13968,3
13969,3
13976,3
13977,3
13978,3
13979,3
13980,3
13981,3
13982,3
13983,3
13984,3
13985,3
13986,3
13987,3
13988,3
13989,3
13990,3
13991,3
13992,3
13993,3
13994,3
13995,3
13996,18
13997,15
13998,3
13999,3
14000,3
14001,3
14002,3
14003,3
14004,3
14005,3
14006,3
14007,3
14008,3
14009,3
14010,3
14011,3
14012,3
14013,3
14014,3
14015,3
14016,3
14017,3
14018,3
14019,3
14020,3
14021,3
14022,3
14023,3
14024,1
14025,1
14026,1
14027,1
14028,1
14029,1
14030,3
14031,3
14032,3
14033,3
14034,3
14035,3
14036,3
14039,2
14040,5
14043,1
14044,1
14045,1
14046,1
14047,1
14048,1
14049,1
14050,1
14051,1
14054,1
14055,1
14056,1
14057,1
14058,1
14059,1
14060,3
14061,3
14062,3
14065,6
14066,7
14067,6
14068,7
14069,1
14070,1
14072,1
14073,1
14074,1
14083,5
14086,1
14087,1
14088,1
14089,1
14090,1
14091,1
14092,3
14093,3
14094,2
14095,5
14096,3
14097,2
14098,3
14099,3
14100,3
14101,3
14103,3
14104,3
14105,3
14106,6
14107,4
14108,3
14109,3
14110,3
14111,3
14112,3
14113,3
14114,3
14115,3
14116,3
14117,3
14118,3
14119,3
14120,3
14121,3
14122,1
14123,3
14133,1
14134,1
14135,10
14137,1
14138,1
14139,4
14140,12
14141,4
14142,4
14143,4
14144,12
14145,4
14146,1
14147,1
14148,2
14149,2
14150,1
14151,1
14152,1
14153,1
14154,1
14156,1
14157,5
14158,5
14159,3
14160,1
14161,1
14162,1
14163,1
14164,1
14165,1
14166,1
14167,1
14168,1
14169,1
14170,1
14171,1
14172,1
14173,1
14174,3
14175,1
14176,1
14177,1
14178,1
14179,1
14180,1
14181,1
14182,1
14184,1
14185,1
14186,2
14187,1
14188,1
14189,1
14190,4
14191,2
14193,3
14195,1
14196,1
14199,1
14200,1
14201,1
14202,1
14206,1
14207,1
14208,1
14209,1
14210,1
14211,1
14212,1
14213,1
14214,1
14215,1
14216,1
14217,1
14218,1
14219,1
14220,1
14221,1
14222,5
14223,1
14224,1
14225,1
14226,1
14227,1
14228,1
14229,1
14230,1
14231,1
14232,6
14233,7
14234,1
14235,3
14236,3
14237,2
14238,4
14239,6
14244,1
14247,1
14248,1
14249,1
14251,1
14258,1
14260,3
14261,3
14262,3
14264,1
14265,1
14266,1
14267,1
14268,1
14269,1
14270,1
14271,1
14272,1
14273,1
14274,1
14275,1
14276,1
14277,1
14278,1
14279,1
14280,1
14281,1
14282,1
14283,1
14284,1
14285,1
14286,1
14287,1
14288,1
14289,3
14290,1
14291,1
14292,1
14293,1
14294,1
14295,1
14296,1
14297,3
14298,3
14299,2
14300,3
14303,3
14304,3
14305,3
14306,3
14307,3
14308,4
14309,3
14310,2
14311,2
14312,4
14313,4
14314,4
14317,3
14318,3
14319,3
14320,2
14321,2
14322,2
14323,2
14324,2
14325,2
14326,2
14327,2
14328,2
14329,2
14331,3
14332,3
14333,3
14334,3
14339,1
14340,4
14341,3
14342,3
14344,6
14345,6
14346,6
14347,10
14349,3
14350,3
14351,3
14352,3
14353,3
14354,3
14355,3
14356,3
14357,3
14358,3
14359,1
14360,1
14361,1
14362,3
14363,3
14364,5
14365,1
14366,1
14367,1
14368,1
14369,1
14370,1
14371,1
14372,1
14373,1
14374,1
14375,1
14376,1
14377,1
14378,1
14379,1
14380,1
14381,1
14382,1
14383,1
14384,1
14385,1
14386,1
14387,1
14388,1
14389,1
14390,1
14391,1
14392,1
14393,1
14394,1
14395,1
14396,3
14397,2
14398,1
14399,1
14400,1
14401,1
14402,1
14403,1
14404,1
14405,3
14406,3
14407,3
14408,1
14409,1
14410,1
14411,1
14412,1
14413,1
14414,1
14415,1
14416,1
14417,1
14418,1
14419,1
14420,6
14421,3
14422,3
14423,3
14424,3
14425,3
14426,5
14427,5
14428,5
14430,10
14431,1
14432,1
14433,3
14434,3
14435,3
14436,6
14438,3
14439,3
14440,3
14442,4
14443,3
14444,3
14445,6
14446,4
14447,6
14451,7
14452,3
14454,1
14455,1
14456,1
14457,1
14458,1
14459,1
14460,1
14461,1
14462,1
14463,1
14464,1
14465,1
14466,1
14467,1
14468,1
14469,1
14470,1
14471,1
14487,1
14488,4
14489,7
14490,7
14491,2
14492,4
14493,3
14494,3
14495,3
14496,3
14497,5
14498,6
14499,3
14500,3
14501,1
14502,1
14503,1
14504,1
14505,1
14506,1
14507,1
14508,1
14509,1
14510,1
14511,1
14512,1
14516,1
14517,1
14518,2
14519,2
14520,1
14521,1
14522,1
14523,1
14524,1
14525,1
14526,2
14527,1
14528,1
14529,1
14530,1
14531,1
14532,1
14533,1
14535,3
14538,7
14539,1
14540,3
14541,3
14542,3
14543,3
14544,3
14545,3
14546,3
14547,3
14548,2
14549,2
14565,5
14566,7
14567,7
14568,2
14569,1
14570,1
14571,1
14572,1
14573,1
14574,1
14575,1
14576,1
14577,1
14578,1
14579,1
14580,1
14581,1
14582,4
14583,1
14584,1
14585,1
14586,1
14587,1
14588,1
14589,1
14590,1
14591,1
14592,1
14593,1
14594,1
14595,1
14596,7
14597,7
14598,2
14601,1
14602,1
14604,1
14606,1
14608,1
14609,1
14610,1
14612,7
14613,7
14614,2
14615,6
14616,1
14617,7
14618,10
14619,3
14620,3
14621,3
14622,1
14623,1
14624,1
14625,1
14626,1
14627,1
14628,1
14629,1
14630,4
14631,3
14632,2
14633,3
14635,5
14637,1
14638,1
14639,1
14640,16
14673,3
14674,2
14675,2
14676,3
14677,3
14678,3
14679,3
14680,3
14681,3
14682,3
14683,3
14686,2
14687,1
14689,2
14692,1
14693,3
14696,13
14701,1
14703,1
14711,1
14713,1
14715,1
14716,1
14717,1
14718,1
14719,1
14720,1
14721,1
14722,1
14726,5
14727,5
14728,5
14729,13
14730,2
14731,1
14733,3
14734,3
14735,3
14736,3
14737,3
14738,3
14739,3
14740,3
14741,4
14742,1
14743,1
14744,1
14745,1
14746,1
14747,1
14748,3
14749,7
14750,7
14751,4
14752,4
14753,4
14754,4
14755,7
14756,1
14757,1
14758,3
14759,1
14763,1
14765,1
14766,1
14767,1
14768,1
14769,1
14770,1
14771,1
14772,1
14773,1
14774,1
14775,1
14776,1
14777,1
14778,1
14779,1
14780,1
14781,1
14782,1
14783,1
14784,1
14787,7
14788,1
14789,1
14790,1
14791,1
14792,1
14793,1
14794,1
14796,1
14797,1
14798,1
14799,1
14800,3
14801,1
14802,1
14803,1
14804,1
14805,1
14806,1
14807,1
14808,1
14809,1
14810,1
14811,1
14812,1
14813,1
14814,1
14815,1
14816,1
14817,1
14818,1
14819,1
14820,1
14821,1
14822,1
14823,1
14824,1
14825,1
14826,1
14827,1
14828,1
14829,1
14834,4
14835,4
14836,1
14837,1
14838,1
14840,1
14841,1
14842,1
14843,1
14844,1
14845,1
14846,1
14847,1
14848,1
14850,3
14851,3
14852,3
14853,3
14854,3
14855,3
14856,1
14857,1
14858,1
14859,1
14860,1
14861,1
14862,1
14863,1
14864,1
14865,1
14866,1
14867,1
14868,1
14869,1
14870,1
14871,1
14872,1
14873,1
14874,1
14895,1
14896,3
14897,3
14898,3
14899,3
14902,1
14903,1
14904,1
14905,3
14908,7
14909,2
14910,3
14911,3
14912,3
14913,3
14914,2
14915,1
14916,1
14917,1
14919,2
14920,1
14921,1
14922,1
14923,1
14924,1
14925,1
14926,1
14927,1
14928,1
14929,1
14930,1
14931,1
14932,1
14933,2
14934,3
14935,4
14962,5
14963,6
14964,4
14965,4
14966,12
14967,4
14968,4
14969,1
14970,1
14971,1
14972,1
14973,1
14974,1
14975,1
14976,1
14977,1
14979,2
14980,1
14981,2
14982,2
14983,2
14984,2
14985,1
14986,1
14987,1
14988,1
14989,1
14990,1
14991,1
14992,1
14993,1
14994,1
14995,1
14996,1
14997,1
14998,1
14999,1
15000,1
15001,1
15002,1
15003,1
15004,1
15005,1
15006,1
15007,1
15008,1
15009,1
15010,7
15011,7
15012,2
15013,1
15014,1
15015,1
15016,1
15017,1
15018,1
15019,1
15020,1
15021,1
15022,1
15023,1
15024,1
15032,3
15033,2
15034,1
15035,1
15036,1
15037,5
15038,5
15039,5
15040,5
15041,5
15042,4
15045,3
15046,1
15047,1
15048,1
15049,1
15050,1
15051,1
15052,1
15053,3
15054,3
15055,3
15056,3
15057,3
15058,5
15059,1
15060,1
15062,5
15063,5
15064,5
15065,4
15066,1
15067,3
15068,3
15069,1
15070,1
15071,1
15072,1
15073,1
15074,1
15075,1
15076,1
15077,7
15078,5
15079,6
15080,2
15081,1
15082,1
15083,1
15084,1
15085,1
15086,1
15087,1
15088,1
15089,1
15090,1
15091,1
15092,1
15093,1
15094,1
15095,1
15096,1
15097,1
15098,1
15099,1
15100,1
15101,1
15102,1
15103,1
15104,1
15105,1
15106,1
15107,3
15108,3
15109,1
15110,1
15111,1
15112,1
15113,1
15114,1
15115,1
15116,3
15117,3
15118,4
15119,1
15120,1
15122,1
15123,4
15124,1
15125,1
15127,1
15128,1
15131,1
15132,1
15133,1
15134,1
15135,1
15136,1
15137,1
15140,1
15146,3
15147,1
15148,1
15149,1
15150,1
15151,1
15152,1
15153,1
15154,1
15157,5
15167,1
15168,3
15169,4
15170,1
15171,1
15172,2
15175,4
15176,7
15177,8
15178,7
15179,1
15180,1
15181,1
15182,1
15183,1
15184,1
15185,3
15186,3
15187,3
15188,3
15189,3
15190,3
15191,2
15192,2
15193,5
15194,3
15195,1
15196,1
15197,1
15198,1
15199,1
15200,1
15201,1
15202,1
15203,1
15205,1
15211,7
15212,7
15213,2
15214,8
15215,8
15216,3
15217,4
15218,3
15229,1
15230,1
15231,1
15232,1
15233,1
15234,1
15235,1
15236,1
15237,1
15238,1
15239,1
15240,1
15241,1
15242,1
15243,1
15244,1
15246,2
15247,2
15248,1
15249,1
15250,1
15251,1
15252,1
15253,1
15254,1
15255,1
15256,1
15257,3
15258,2
15259,1
15260,3
15264,6
15271,5
15272,8
15274,1
15275,1
15276,1
15277,1
15278,1
15279,1
15280,1
15281,1
15282,1
15283,1
15284,1
15285,1
15286,1
15287,1
15288,1
15289,1
15290,1
15291,1
15292,1
15293,1
15294,1
15295,1
15296,1
15297,1
15298,1
15299,1
15300,1
15301,1
15302,1
15303,1
15304,1
15305,1
15306,1
15307,1
15308,1
15309,1
15310,1
15311,1
15312,8
15313,4
15314,5
15315,1
15318,4
15319,5
15320,4
15321,4
15322,4
15323,1
15324,1
15325,1
15326,1
15327,1
15328,1
15329,3
15330,6
15331,6
15332,1
15333,1
15334,4
15335,3
15336,3
15337,6
15338,3
15339,1
15340,3
15341,3
15342,6
15343,1
15344,1
15345,1
15346,1
15347,1
15348,1
15349,1
15350,1
15351,1
15352,1
15353,1
15354,1
15355,1
15356,1
15357,1
15358,1
15359,2
15360,3
15361,1
15362,1
15365,5
15366,2
15367,2
15368,10
15370,4
15371,3
15372,6
15373,4
15374,4
15375,4
15376,1
15377,1
15378,1
15379,1
15380,1
15381,1
15382,1
15383,1
15384,1
15385,2
15386,2
15387,1
15388,1
15389,1
15390,1
15391,1
15392,1
15393,1
15394,1
15395,1
15396,1
15397,1
15398,1
15399,1
15400,6
15403,2
15404,6
15405,1
15406,1
15407,1
15408,1
15409,1
15410,1
15411,1
15412,1
15413,1
15414,1
15415,1
15416,1
15417,1
15418,2
15419,3
15420,3
15421,1
15422,1
15423,1
15424,1
15425,1
15426,1
15427,1
15428,1
15429,1
15430,1
15431,7
15432,3
15433,3
15434,3
15435,3
15436,1
15437,27
15438,4
15440,3
15444,2
15445,4
15446,1
15447,1
15448,1
15449,1
15450,3
15451,2
15452,1
15453,1
15454,1
15455,1
15456,1
15457,1
15458,1
15459,1
15460,6
15461,5
15462,4
15463,4
15464,4
15465,1
15466,1
15467,7
15468,3
15469,4
15470,4
15471,1
15472,1
15473,1
15474,1
15478,1
15484,1
15487,1
15488,1
15489,1
15490,1
15491,1
15492,1
15493,1
15494,1
15495,1
15496,1
15500,1
15501,1
15502,1
15503,3
15504,4
15505,3
15506,3
15507,4
15508,2
15509,2
15510,4
15511,2
15514,9
15515,3
15516,9
15517,9
15518,1
15519,1
15520,1
15521,1
15522,1
15523,1
15524,1
15525,1
15526,9
15530,1
15531,1
15536,1
15538,1
15539,1
15540,1
15543,1
15544,1
15545,1
15546,2
15547,1
15548,1
15549,6
15550,2
15552,1
15553,1
15554,1
15555,2
15556,6
15557,4
15558,1
15559,1
15569,1
15570,1
15571,4
15572,2
15573,4
15574,2
15575,1
15576,1
15577,1
15578,1
15579,1
15580,1
15581,1
15582,1
15583,1
15584,1
15585,1
15586,1
15587,6
15588,7
15589,4
15591,1
15592,1
15593,1
15594,1
15595,1
15596,1
15597,1
15598,1
15599,1
15600,1
15601,1
15602,1
15603,1
15604,1
15606,1
15607,1
15608,1
15609,1
15610,1
15611,1
15612,1
15613,1
15614,1
15619,1
15620,2
15621,2
15622,3
15623,1
15624,2
15625,3
15626,1
15627,2
15628,2
15629,1
15630,2
15631,3
15632,2
15633,2
15634,2
15635,2
15636,2
15637,2
15638,2
15639,2
15640,2
15641,2
15642,2
15643,2
15644,2
15645,6
15646,4
15647,4
15648,4
15649,1
15650,1
15651,1
15652,1
15653,1
15654,1
15655,1
15656,1
15657,1
15658,1
15659,1
15660,1
15661,1
15662,1
15663,1
15664,1
15665,1
15666,6
15668,3
15669,3
15670,1
15671,3
15672,2
15673,1
15674,3
15675,3
15676,3
15677,1
15678,3
15679,2
15680,2
15681,2
15682,1
15683,1
15684,1
15685,4
15686,4
15687,1
15688,1
15689,1
15690,1
15691,1
15692,1
15693,1
15694,1
15695,1
15696,1
15697,1
15698,1
15699,1
15700,1
15703,1
15707,1
15708,1
15709,1
15710,1
15712,1
15713,1
15715,4
15716,4
15717,1
15718,1
15719,1
15720,1
15721,1
15722,1
15723,1
15724,1
15725,1
15726,1
15727,1
15728,2
15729,2
15730,2
15731,2
15732,2
15733,1
15734,1
15735,1
15736,1
15737,2
15738,2
15739,14
15740,19
15741,14
15742,19
15743,14
15744,19
15746,1
15747,1
15748,3
15749,4
15750,1
15751,1
15752,4
15753,1
15756,2
15758,2
15760,4
15761,2
15762,3
15763,3
15764,1
15765,2
15766,3
15767,2
15768,3
15769,3
15770,5
15771,1
15772,1
15773,1
15774,1
15775,1
15776,1
15777,1
15778,1
15779,1
15780,6
15781,3
15782,3
15783,3
15784,3
15785,4
15786,6
15787,3
15788,3
15789,3
15790,3
15791,3
15792,3
15793,1
15794,1
15795,1
15796,1
15797,1
15798,1
15799,1
15800,1
15801,1
15802,1
15803,1
15804,4
15805,3
15806,1
15807,1
15808,1
15809,1
15810,1
15811,3
15812,3
15813,3
15814,3
15815,3
15816,3
15817,3
15818,3
15819,3
15821,2
15822,2
15823,2
15824,2
15825,2
15826,2
15827,27
15829,1
15830,1
15831,3
15832,3
15833,3
15834,3
15842,1
15843,1
15844,1
15845,1
15846,1
15847,1
15848,1
15849,1
15853,1
15854,1
15857,2
15858,4
15859,3
15860,3
15869,2
15870,3
15871,3
15872,1
15873,1
15874,1
15875,1
15876,1
15877,1
15878,6
15879,7
15880,3
15881,1
15882,4
15883,4
15884,4
15885,1
15886,1
15903,3
15904,8
15905,7
15906,1
15907,2
15908,2
15909,2
15910,3
15911,3
15912,3
15913,3
15914,1
15915,1
15916,1
15917,1
15918,1
15919,2
15920,5
15921,1
15922,2
15923,3
15924,3
15925,3
15926,3
15927,3
15928,3
15929,3
15930,3
15931,3
15932,3
15933,3
15934,3
15935,3
15936,3
15937,3
15938,3
15939,3
15940,3
15941,8
15942,3
15943,3
15944,3
15945,1
15946,1
15947,1
15948,1
15949,1
15950,1
15951,1
15952,1
15953,10
15955,1
15956,1
15957,1
15958,1
15959,1
15960,1
15961,1
15962,1
15963,1
15964,1
15965,1
15966,1
15967,1
15968,2
15969,2
15970,2
15971,2
15972,2
15973,2
15974,2
15975,2
15976,2
15977,1
15978,1
15979,1
15980,1
15981,3
15982,3
15983,3
15984,3
15985,1
15986,1
15987,5
15988,3
15989,3
15990,3
15991,3
15992,3
15993,2
15995,1
15996,1
15997,1
15998,1
15999,1
16000,1
16001,1
16002,1
16003,1
16004,1
16005,2
16006,2
16007,6
16008,2
16009,2
16010,3
16011,2
16012,2
16013,1
16014,3
16015,5
16016,2
16017,2
16018,2
16019,3
16020,5
16021,3
16022,3
16023,3
16024,3
16025,3
16027,3
16028,3
16029,3
16030,4
16031,4
16032,4
16034,3
16035,3
16036,3
16037,18
16038,15
16039,3
16040,1
16041,1
16042,1
16043,1
16044,6
16045,3
16046,3
16047,3
16048,3
16049,3
16050,3
16051,3
16052,3
16053,3
16054,4
16055,10
16056,3
16057,2
16058,1
16059,1
16060,1
16062,1
16063,3
16064,3
16065,1
16066,1
16067,1
16068,1
16069,3
16071,4
16072,10
16073,3
16074,3
16075,3
16078,3
16079,3
16080,3
16081,3
16082,3
16083,3
16084,3
16085,3
16086,3
16087,3
16088,3
16089,3
16090,3
16091,3
16092,3
16093,5
16094,10
16095,3
16096,3
16097,3
16098,3
16099,3
16100,3
16101,3
16102,3
16103,3
16104,3
16105,3
16106,6
16115,1
16116,1
16117,1
16118,1
16119,1
16120,1
16121,1
16122,1
16123,1
16124,1
16125,1
16132,1
16133,2
16134,2
16135,2
16136,2
16137,2
16138,2
16140,4
16142,1
16143,2
16144,2
16145,2
16146,2
16147,2
16152,1
16153,1
16154,1
16155,1
16156,1
16157,1
16158,1
16164,1
16165,1
16166,1
16167,1
16168,1
16170,1
16172,3
16173,3
16174,3
16175,1
16176,1
16177,1
16178,1
16179,1
16180,1
16181,1
16182,1
16183,1
16184,1
16185,1
16186,1
16187,1
16188,1
16189,1
16190,1
16191,1
16193,1
16194,1
16197,1
16198,1
16199,1
16204,1
16205,1
16206,1
16207,1
16208,1
16209,1
16210,1
16211,1
16212,1
16213,1
16214,1
16215,1
16216,1
16217,1
16218,1
16219,1
16220,1
16221,1
16222,1
16223,1
16224,1
16225,1
16226,1
16227,1
16228,1
16229,3
16230,3
16231,3
16232,3
16241,1
16242,1
16243,1
16244,1
16245,1
16246,1
16247,1
16248,1
16249,1
16250,1
16251,1
16252,3
16253,1
16254,3
16255,2
16256,1
16257,3
16258,3
16259,3
16260,4
16261,14
16262,4
16263,6
16264,7
16265,1
16266,1
16276,8
16277,3
16278,4
16279,2
16280,3
16281,5
16282,2
16283,2
16284,2
16290,3
16291,1
16292,1
16293,1
16294,1
16295,3
16296,3
16297,1
16298,1
16299,1
16300,3
16301,1
16302,1
16303,1
16304,1
16305,1
16306,1
16307,1
16308,1
16309,1
16310,1
16311,1
16312,1
16313,1
16314,1
16315,1
16316,1
16317,1
16318,1
16319,1
16320,2
16321,2
16322,2
16323,2
16324,2
16325,2
16326,3
16327,1
16328,1
16329,1
16330,1
16331,2
16332,1
16333,1
16334,1
16335,1
16336,1
16337,1
16338,1
16339,1
16340,1
16341,1
16342,1
16343,1
16344,1
16345,11
16346,10
16349,4
16350,4
16360,1
16361,5
16362,3
16364,1
16365,1
16366,1
16367,3
16368,27
16369,27
16370,1
16371,1
16372,1
16373,3
16374,5
16375,3
16376,5
16377,3
16378,6
16379,5
16381,5
16383,1
16384,1
16385,1
16386,1
16387,1
16388,1
16389,1
16390,1
16391,1
16394,1
16395,1
16396,1
16397,1
16398,1
16405,1
16406,1
16407,1
16408,1
16409,2
16410,2
16411,2
16412,1
16413,1
16418,1
16419,1
16420,1
16421,2
16422,2
16426,1
16427,1
16428,1
16429,4
16431,1
16432,1
16433,1
16434,1
16435,1
16436,2
16437,2
16438,1
16439,1
16440,1
16441,1
16442,1
16443,1
16444,1
16445,1
16446,1
16447,1
16448,1
16449,1
16450,1
16451,1
16452,1
16453,1
16454,1
16455,1
16456,1
16457,1
16458,1
16459,1
16460,1
16461,1
16462,1
16463,1
16464,1
16465,1
16466,1
16467,1
16468,1
16469,1
16470,6
16471,6
16472,4
16473,1
16474,7
16475,3
16476,1
16477,2
16478,2
16479,2
16480,1
16481,1
16482,1
16483,1
16484,1
16485,1
16486,1
16487,1
16488,1
16489,1
16490,1
16491,1
16492,1
16493,1
16494,1
16495,1
16496,1
16497,1
16498,1
16499,1
16500,1
16501,1
16502,1
16503,1
16504,1
16505,1
16506,2
16507,2
16508,1
16509,1
16511,2
16512,2
16513,2
16514,1
16515,1
16516,1
16517,1
16518,1
16520,4
16521,3
16522,1
16523,1
16524,1
16525,1
16536,5
16537,8
16538,2
16539,3
16540,5
16541,3
16542,5
16543,1
16555,3
16556,5
16557,9
16558,3
16559,1
16560,1
16561,1
16562,1
16563,1
16564,1
16565,1
16566,1
16570,1
16571,1
16572,1
16573,1
16574,1
16575,1
16576,1
16577,2
16578,3
16579,1
16580,3
16581,2
16582,2
16583,2
16584,1
16585,1
16586,1
16587,1
16588,4
16589,1
16590,1
16591,1
16592,1
16593,7
16595,9
16598,3
16599,1
16600,1
16602,3
16603,1
16604,1
16605,5
16606,4
16607,4
16608,1
16609,4
16613,1
16614,1
16615,1
16616,1
16617,1
16618,1
16619,1
16620,1
16621,1
16622,1
16623,1
16624,1
16625,1
16626,1
16627,1
16628,1
16629,1
16630,1
16631,1
16632,1
16633,1
16634,1
16635,1
16636,1
16637,1
16638,1
16639,1
16640,1
16641,1
16642,1
16643,1
16644,1
16645,1
16646,1
16647,1
16648,1
16649,1
16650,1
16651,1
16652,1
16653,1
16654,1
16655,1
16656,1
16657,1
16658,1
16659,1
16660,1
16661,1
16662,1
16663,3
16664,2
16665,6
16666,7
16667,3
16668,1
16669,1
16670,1
16671,1
16672,1
16673,3
16674,3
16675,3
16676,2
16677,2
16680,1
16681,1
16682,1
16683,1
16685,1
16686,1
16687,1
16688,1
16689,1
16690,1
16691,1
16692,1
16693,1
16694,1
16695,1
16696,1
16697,1
16698,1
16699,1
16700,1
16701,1
16702,1
16703,1
16704,1
16705,1
16706,1
16707,1
16708,1
16709,1
16710,1
16713,2
16714,1
16715,1
16716,4
16717,1
16718,1
16719,1
16720,1
16721,1
16722,1
16723,1
16724,1
16725,1
16726,1
16727,1
16728,1
16729,1
16730,1
16731,1
16732,1
16733,1
16734,1
16735,1
16736,1
16737,1
16738,1
16739,1
16740,1
16741,3
16742,3
16743,3
16744,3
16752,4
16753,2
16754,3
16755,1
16756,1
16757,1
16758,1
16759,1
16760,1
16761,1
16762,1
16763,1
16764,1
16765,1
16766,1
16767,1
16768,1
16769,1
16770,1
16771,1
16772,1
16773,1
16774,1
16775,1
16776,4
16777,1
16778,4
16779,4
16780,2
16781,1
16782,1
16783,1
16784,1
16785,1
16799,1
16800,1
16801,1
16802,1
16803,2
16804,2
16805,2
16806,5
16807,2
16810,1
16811,1
16812,1
16813,1
16814,1
16815,1
16816,1
16817,1
16818,1
16819,1
16820,1
16821,1
16822,1
16823,1
16824,1
16825,1
16826,1
16827,1
16828,1
16829,1
16830,1
16831,1
16832,1
16833,1
16834,1
16835,1
16836,1
16837,1
16838,1
16839,1
16840,1
16841,1
16842,1
16843,1
16844,2
16845,5
16846,2
16847,2
16848,2
16849,5
16850,2
16851,5
16852,2
16853,2
16854,2
16855,5
16856,2
16857,2
16858,2
16859,5
16860,2
16861,2
16862,2
16863,5
16864,2
16865,2
16866,2
16867,5
16868,2
16869,2
16870,2
16871,5
16872,2
16873,2
16874,2
16875,5
16876,2
16877,2
16878,2
16879,5
16880,1
16890,2
16891,2
16892,2
16893,1
16894,1
16895,2
16896,4
16897,4
16898,5
16899,12
16900,4
16901,2
16902,1
16903,1
16904,2
16905,4
16906,4
16907,12
16908,4
16909,4
16910,2
16911,1
16912,1
16913,1
16914,1
16915,3
16916,3
16917,3
16919,1
16920,1
16921,3
16922,1
16923,1
16924,1
16925,1
16926,4
16927,4
16928,4
16929,1
16930,1
16931,2
16936,10
16937,3
16959,1
16960,1
16961,1
16962,1
16963,3
16964,2
16965,4
16966,1
16967,1
16968,4
16969,1
16970,1
16971,1
16972,1
16973,1
16974,1
16975,1
16976,1
16977,1
16978,1
16979,1
16980,1
16981,1
16982,1
16983,1
16984,1
16985,1
16986,1
16987,1
16988,1
16989,1
16990,1
16991,1
16992,1
16993,1
16994,6
17001,1
17003,2
17004,2
17005,2
17006,1
17007,1
17008,4
17019,1
17020,1
17021,1
17022,1
17023,1
17024,1
17025,1
17026,1
17027,1
17028,1
17029,3
17030,3
17034,1
17035,1
17036,1
17037,1
17038,1
17039,1
17040,3
17041,2
17042,3
17043,10
17044,8
17046,1
17047,1
17048,4
17049,1
17050,1
17051,1
17052,1
17064,1
17068,1
17069,5
17070,3
17071,3
17072,1
17073,1
17074,1
17075,1
17076,1
17078,4
17079,1
17080,1
17081,2
17082,2
17083,2
17084,1
17087,2
17088,2
17089,2
17091,1
17092,2
17093,4
17094,2
17096,2
17097,2
17098,3
17099,3
17100,2
17101,2
17102,1
17106,1
17120,1
17121,3
17122,3
17124,1
17125,1
17126,1
17127,1
17128,3
17129,1
17130,1
17131,1
17132,1
17133,1
17134,1
17135,1
17140,1
17141,3
17142,10
17143,3
17145,1
17146,1
17147,1
17148,1
17149,1
17150,1
17151,1
17152,1
17153,1
17154,1
17155,1
17156,1
17157,1
17158,1
17159,1
17160,1
17161,1
17162,1
17163,1
17164,1
17165,1
17166,1
17167,1
17168,1
17182,1
17187,2
17188,5
17189,2
17190,2
17191,8
17192,4
17193,4
17194,4
17199,8
17200,1
17201,1
17202,1
17203,1
17204,1
17205,1
17207,3
17208,2
17209,11
17210,11
17216,2
17217,3
17218,2
17219,3
17220,4
17221,8
17222,1
17223,1
17224,1
17225,1
17226,3
17227,2
17228,2
17229,2
17230,3
17231,10
17232,5
17233,5
17234,5
17235,3
17236,3
17239,1
17240,1
17241,1
17242,1
17243,1
17244,1
17245,1
17246,3
17247,2
17248,3
17249,2
17250,5
17251,3
17252,8
17253,1
17254,1
17255,1
17256,1
17257,1
17258,11
17259,11
17260,1
17261,1
17262,1
17263,1
17264,1
17265,1
17266,1
17267,1
17268,1
17269,1
17270,1
17271,1
17272,1
17273,1
17274,1
17275,1
17276,1
17277,1
17278,1
17279,1
17280,5
17281,6
17282,2
17283,7
17284,13
17285,5
17286,7
17287,9
17288,3
17289,3
17290,11
17291,11
17292,7
17296,1
17297,1
17298,1
17299,1
17300,1
17301,1
17302,1
17303,1
17304,1
17305,1
17306,1
17307,1
17308,1
17309,1
17310,1
17311,1
17312,1
17313,1
17314,1
17315,1
17316,1
17317,1
17318,1
17319,1
17320,1
17321,8
17322,3
17323,6
17324,1
17325,1
17326,1
17327,1
17328,1
17329,1
17330,1
17331,1
17332,1
17333,1
17334,1
17335,1
17336,1
17337,1
17338,1
17339,1
17340,1
17341,1
17342,1
17343,1
17344,1
17345,1
17346,1
17347,1
17355,1
17356,3
17357,3
17358,3
17359,3
17360,1
17361,1
17362,1
17363,1
17364,5
17367,10
17368,10
17369,1
17370,1
17371,1
17376,1
17377,1
17378,1
17380,3
17381,5
17382,3
17383,3
17388,5
17389,6
17390,5
17391,7
17392,4
17393,1
17394,1
17395,1
17396,1
17397,1
17398,1
17399,10
17400,3
17401,8
17402,2
17403,2
17404,2
17405,2
17406,2
17407,2
17408,2
17409,1
17410,1
17411,1
17412,1
17413,1
17414,1
17415,1
17416,1
17417,1
17418,1
17419,1
17420,2
17421,2
17422,2
17423,1
17424,1
17425,6
17433,1
17434,2
17435,2
17437,10
17438,3
17439,18
17440,16
17441,4
17442,1
17443,1
17444,1
17445,1
17446,1
17447,1
17448,1
17449,1
17450,2
17451,2
17452,2
17453,2
17454,2
17455,2
17456,1
17457,1
17458,1
17459,1
17461,5
17462,1
17463,1
17464,1
17465,1
17466,1
17467,1
17468,1
17469,1
17470,2
17471,2
17472,2
17476,10
17477,3
17478,4
17479,1
17480,1
17481,1
17482,1
17483,1
17484,1
17485,1
17486,1
17487,1
17488,1
17489,5
17490,1
17491,1
17492,2
17493,2
17494,2
17497,3
17498,5
17499,3
17500,3
17501,3
17502,1
17503,1
17504,1
17505,1
17506,1
17507,1
17508,3
17509,3
17510,3
17511,3
17512,3
17513,3
17514,3
17515,3
17516,3
17517,3
17518,1
17519,1
17520,1
17521,1
17522,1
17523,1
17524,1
17525,1
17526,1
17527,1
17528,1
17529,1
17530,1
17531,3
17532,3
17533,3
17534,3
17535,3
17536,3
17537,3
17538,3
17539,3
17540,3
17541,4
17542,3
17543,4
17544,3
17545,3
17546,4
17547,3
17548,3
17549,3
17550,1
17551,3
17552,3
17553,3
17554,3
17555,3
17557,3
17560,4
17561,3
17562,3
17563,3
17564,3
17565,3
17566,3
17567,5
17568,2
17571,4
17572,1
17573,1
17574,1
17575,1
17576,1
17577,1
17578,6
17579,1
17580,1
17581,1
17582,1
17583,1
17586,3
17587,3
17588,8
17592,4
17593,3
17594,1
17595,3
17596,3
17597,3
17598,3
17599,3
17600,3
17601,1
17602,1
17603,1
17604,1
17605,1
17606,1
17607,1
17608,1
17609,1
17610,1
17611,3
17612,3
17613,3
17614,3
17615,6
17616,2
17617,2
17618,2
17619,2
17620,4
17621,4
17622,4
17623,1
17624,1
17625,1
17626,4
17627,1
17628,3
17629,4
17630,3
17631,3
17632,3
17633,3
17634,4
17635,3
17636,4
17637,4
17638,4
17639,3
17640,4
17641,4
17642,3
17643,3
17644,6
17645,4
17646,5
17647,5
17648,4
17649,4
17650,4
17651,4
17652,4
17653,3
17654,3
17656,2
17657,2
17658,1
17659,3
17660,3
17661,3
17662,3
17663,3
17664,3
17665,3
17666,4
17667,3
17668,3
17669,2
17670,2
17671,2
17672,2
17673,4
17674,3
17675,3
17676,4
17677,6
17679,10
17680,3
17681,1
17682,1
17683,1
17684,1
17685,1
17686,1
17687,1
17688,1
17689,1
17690,1
17691,1
17692,1
17693,5
17695,4
17696,2
17697,2
17698,2
17699,2
17700,2
17701,2
17702,2
17703,2
17705,5
17706,4
17707,3
17708,3
17709,3
17710,3
17711,3
17713,2
17714,2
17715,2
17716,2
17717,2
17718,2
17719,2
17720,2
17721,1
17722,1
17723,1
17724,1
17725,1
17726,1
17727,1
17728,1
17729,1
17730,10
17731,3
17732,1
17733,1
17736,2
17737,1
17738,5
17739,5
17740,3
17741,3
17742,3
17743,3
17744,3
17745,4
17746,4
17747,4
17748,4
17749,4
17750,4
17751,3
17752,3
17753,3
17754,3
17755,3
17756,1
17757,1
17758,1
17759,1
17760,1
17761,1
17762,1
17763,1
17765,4
17766,4
17767,5
17768,4
17769,4
17770,4
17771,4
17772,4
17773,4
17774,2
17775,5
17776,1
17777,1
17778,3
17779,3
17780,3
17781,3
17782,6
17783,5
17784,5
17785,3
17786,3
17787,3
17788,3
17789,3
17790,3
17791,3
17792,3
17793,1
17794,1
17795,1
17796,1
17797,3
17798,4
17799,1
17800,1
17801,1
17802,1
17803,1
17804,4
17805,4
17806,1
17807,1
17808,1
17809,1
17810,1
17811,1
17812,1
17813,1
17814,4
17815,4
17816,3
17817,3
17818,3
17819,3
17820,3
17821,3
17822,3
17823,4
17824,5
17825,1
17826,1
17827,1
17828,1
17829,1
17830,1
17831,1
17832,1
17833,1
17834,1
17835,1
17836,1
17837,1
17838,1
17839,1
17840,4
17841,3
17842,2
17843,4
17844,1
17845,1
17846,1
17847,1
17848,1
17849,1
17854,3
17855,1
17856,1
17857,1
17858,1
17859,1
17860,1
17861,1
17862,1
17863,1
17864,1
17865,1
17866,1
17867,1
17868,1
17869,1
17870,1
17871,1
17885,9
17886,3
17887,4
17888,4
17889,12
17890,4
17891,4
17905,9
17906,8
17907,5
17908,4
17909,3
17910,5
17911,4
17912,4
17913,5
17914,12
17915,4
17919,3
17920,9
17923,3
17924,9
17925,4
17926,12
17927,4
17928,9
17929,6
17930,6
17931,6
17932,6
17934,2
17935,2
17936,2
17937,1
17938,1
17939,1
17940,1
17941,1
17942,1
17943,1
17944,1
17945,2
17946,2
17947,2
17948,2
17949,6
17950,2
17956,1
17957,1
17958,1
17959,1
17960,1
17961,10
17962,4
17963,3
17964,1
17965,1
17967,6
17968,1
17969,6
17970,4
17971,4
17972,4
17973,5
17974,12
17975,4
17976,9
17982,1
17983,1
17984,1
17985,1
17986,8
17987,1
17988,1
17989,1
17990,1
17991,1
17992,1
17993,1
17994,1
17995,1
17996,1
17997,1
17998,1
18000,1
18005,10
18006,3
18007,3
18008,4
18009,3
18010,3
18011,7
18012,3
18013,3
18014,1
18015,1
18016,1
18017,2
18018,5
18019,1
18020,1
18021,1
18022,1
18023,1
18024,1
18025,1
18029,2
18030,8
18031,1
18032,5
18033,1
18034,1
18035,1
18036,1
18037,1
18038,1
18039,1
18040,1
18041,1
18042,2
18043,1
18044,5
18045,4
18046,4
18047,4
18048,4
18049,1
18050,1
18051,1
18052,1
18053,1
18054,1
18055,2
18056,1
18057,5
18058,1
18059,1
18060,1
18061,1
18062,1
18063,1
18064,3
18065,3
18066,3
18067,10
18068,3
18069,6
18070,2
18071,1
18072,1
18073,1
18074,1
18075,1
18076,1
18077,1
18078,1
18079,1
18080,1
18081,1
18082,1
18083,1
18084,1
18085,1
18086,1
18087,1
18088,1
18089,1
18090,1
18091,1
18094,1
18095,1
18097,1
18098,1
18099,1
18100,1
18101,3
18102,3
18103,3
18104,1
18105,1
18106,1
18113,1
18114,1
18115,1
18116,10
18117,1
18118,1
18119,1
18120,1
18121,7
18122,6
18123,13
18124,3
18125,3
18126,3
18127,3
18128,3
18129,3
18130,7
18131,6
18132,13
18133,7
18134,6
18135,13
18136,1
18137,5
